MHG,MAG,LMV,LMD,LWS,LUBS,LLS,LWLSS,AggregatedAttendance
0.100755668,0.040063467,-0.073907285,0.114795918,-0.302844988,-0.095472186,0.388403495,0.792820513,-0.651667672
0.100755668,0.386751289,-0.073907285,-0.163903061,-0.535229992,-0.66080207,0.041302621,0.075692308,-0.560421989
0.375944584,0.386751289,0.157615894,-0.442602041,0.394310024,0.695989651,0.041302621,0.075692308,-0.441589513
0.375944584,-0.306624355,0.157615894,0.114795918,1.091465036,0.01759379,0.041302621,0.43425641,-0.355781564
-0.449622166,0.040063467,-0.305430464,-0.163903061,-0.535229992,-0.547736093,0.388403495,-0.103589744,-0.329277216
-0.174433249,-0.653312178,-0.073907285,0.114795918,-0.535229992,-0.547736093,0.041302621,0.43425641,-0.346260571
0.375944584,0.040063467,0.157615894,0.114795918,-0.070459984,-0.208538163,-0.305798253,-0.282871795,-0.346464592
-0.724811083,0.040063467,-0.305430464,0.393494898,-0.070459984,-0.32160414,0.735504369,0.972102564,-0.252004157
-0.449622166,-1,-0.536953642,0.393494898,-0.535229992,-0.66080207,0.735504369,0.613538462,-0.312904509
-0.449622166,0.386751289,-0.073907285,0.114795918,-0.535229992,-0.095472186,0.041302621,0.254974359,-0.295391266
-0.724811083,0.040063467,-0.305430464,-0.163903061,-0.070459984,0.01759379,0.735504369,0.075692308,-0.345824192
-0.174433249,-0.653312178,-0.305430464,-0.163903061,-0.070459984,-0.208538163,0.041302621,-0.462153846,-0.407770152
0.651133501,0.386751289,0.389139073,-0.163903061,-0.302844988,-0.547736093,0.388403495,0.075692308,-0.210501412
-0.724811083,-0.306624355,-0.536953642,-0.163903061,-0.535229992,-0.547736093,0.388403495,0.792820513,-0.365856531
0.651133501,-0.306624355,0.389139073,0.114795918,0.394310024,0.356791721,0.041302621,0.075692308,-0.204515371
-0.449622166,-0.306624355,-0.536953642,0.393494898,-0.302844988,-0.208538163,0.388403495,0.792820513,-0.508291719
-0.449622166,-0.306624355,-0.073907285,0.672193878,-0.302844988,-0.32160414,0.388403495,0.613538462,-0.865627903
-0.449622166,-0.306624355,-0.536953642,0.114795918,-0.535229992,-0.547736093,0.388403495,0.792820513,-0.825060255
-0.449622166,-0.653312178,-0.305430464,-0.163903061,-0.302844988,-0.547736093,1.082605242,0.254974359,-0.732006717
0.100755668,0.386751289,-0.073907285,-0.163903061,-0.070459984,-0.32160414,-0.305798253,-0.103589744,-0.701040821
0.651133501,0.040063467,0.389139073,-0.442602041,-0.302844988,0.356791721,0.041302621,-0.103589744,-0.39956113
0.375944584,-0.653312178,0.157615894,-0.163903061,-0.302844988,-0.434670116,-0.305798253,0.254974359,-0.577136149
0.100755668,0.733439111,0.157615894,-0.442602041,-0.070459984,0.582923674,-0.305798253,-0.462153846,-0.462928155
-0.174433249,-0.653312178,-0.305430464,0.114795918,0.16192502,0.922121604,-0.305798253,-0.641435897,-0.423615805
-0.174433249,-0.306624355,-0.305430464,0.114795918,-0.302844988,0.243725744,-0.652899126,0.075692308,-0.478484777
0.100755668,-0.653312178,-0.073907285,0.114795918,-0.070459984,-0.208538163,-0.305798253,-0.462153846,-0.438349258
-1,-0.306624355,-0.305430464,0.114795918,-0.302844988,-0.434670116,0.388403495,-0.103589744,-0.463058502
-0.174433249,0.733439111,0.157615894,0.393494898,-0.302844988,-0.208538163,0.041302621,0.075692308,-0.36319292
0.100755668,0.040063467,-0.073907285,-0.163903061,-0.535229992,-0.547736093,-0.305798253,0.43425641,-0.316527303
-0.174433249,0.386751289,-0.073907285,0.393494898,0.394310024,-0.32160414,-0.305798253,-0.462153846,-0.417774279
-0.174433249,0.040063467,-0.305430464,0.114795918,-0.535229992,-0.095472186,0.041302621,0.075692308,-0.428057518
-0.724811083,0.386751289,-0.073907285,0.393494898,0.16192502,-0.434670116,0.735504369,0.792820513,-0.536891535
0.100755668,0.040063467,0.157615894,0.393494898,-0.070459984,0.243725744,-0.305798253,-0.103589744,-0.460671169
-0.724811083,-0.653312178,-0.305430464,0.672193878,-0.302844988,-0.095472186,1.77680699,2.047794872,-0.473286485
-0.174433249,0.040063467,-0.305430464,-0.163903061,-0.302844988,-0.208538163,0.041302621,0.075692308,-0.526184669
-0.724811083,-1,-0.536953642,-0.163903061,-0.302844988,-0.208538163,1.082605242,0.254974359,-0.463778244
-0.449622166,0.386751289,-0.073907285,-0.163903061,-0.302844988,-0.434670116,0.388403495,0.613538462,-0.477315905
0.375944584,0.386751289,0.157615894,-0.163903061,0.16192502,-0.095472186,-0.305798253,0.43425641,-0.470349429
-0.724811083,-0.306624355,-0.305430464,-0.163903061,0.16192502,-0.208538163,-0.305798253,0.075692308,-0.419396532
-0.724811083,-0.653312178,-0.536953642,0.393494898,-0.535229992,-0.547736093,0.388403495,0.972102564,-0.245516564
-0.724811083,-0.653312178,-0.305430464,0.950892857,-0.535229992,0.243725744,0.041302621,0.075692308,-0.168084822
0.100755668,0.733439111,0.157615894,-0.163903061,-0.302844988,-0.434670116,0.735504369,-0.103589744,-0.150524824
-0.174433249,-0.306624355,-0.305430464,0.393494898,-0.302844988,-0.095472186,0.388403495,-0.103589744,-0.005420358
-0.174433249,-1,-0.305430464,0.114795918,-0.302844988,0.01759379,0.041302621,0.254974359,-0.217854679
0.375944584,0.040063467,0.157615894,-0.163903061,-0.302844988,-0.547736093,0.041302621,-0.462153846,-0.205702662
-0.449622166,1.080126934,0.389139073,0.114795918,-0.070459984,-0.434670116,0.041302621,0.254974359,-0.146819854
-0.449622166,0.386751289,-0.073907285,0.114795918,-0.302844988,-0.434670116,0.388403495,-0.103589744,-0.372318622
0.100755668,-0.653312178,-0.073907285,0.672193878,-0.070459984,-0.547736093,0.735504369,1.151384615,-0.824969579
-0.174433249,-0.306624355,-0.305430464,0.114795918,-0.070459984,0.01759379,-0.305798253,1.151384615,-0.706715163
-0.174433249,0.040063467,0.389139073,0.114795918,-0.302844988,-0.32160414,0.388403495,0.254974359,-0.753818575
0.375944584,-0.306624355,0.157615894,0.114795918,-0.070459984,-0.32160414,0.041302621,0.254974359,-0.728811801
-0.174433249,-0.306624355,-0.305430464,-0.163903061,-0.302844988,-0.434670116,0.041302621,0.792820513,-0.779339654
0.375944584,-0.653312178,0.157615894,0.114795918,-0.302844988,-0.66080207,0.735504369,0.972102564,-0.786308964
-0.724811083,0.040063467,-0.305430464,-0.163903061,0.394310024,-0.32160414,0.388403495,-0.103589744,-0.808703133
-0.174433249,0.386751289,-0.073907285,-0.163903061,-0.302844988,-0.32160414,0.041302621,-0.103589744,-0.816664213
0.100755668,0.040063467,-0.073907285,0.393494898,0.394310024,-0.32160414,-0.305798253,-0.282871795,-0.801229437
0.100755668,0.040063467,-0.073907285,-0.442602041,-0.302844988,0.243725744,0.041302621,0.43425641,-0.74567756
0.375944584,-0.306624355,0.157615894,0.672193878,-0.535229992,-0.32160414,0.735504369,0.075692308,-0.779131382
0.100755668,-0.306624355,-0.073907285,0.114795918,0.859080032,0.809055627,0.735504369,0.075692308,-0.755851704
-0.174433249,-0.306624355,0.157615894,0.393494898,0.16192502,-0.434670116,-0.305798253,0.254974359,-0.648315489
-0.449622166,1.773502578,0.85218543,-0.442602041,0.626695028,0.469857697,-0.305798253,-0.282871795,-0.625975159
-1,0.040063467,-0.073907285,0.114795918,-0.302844988,-0.434670116,0.735504369,0.43425641,-0.682647736
0.375944584,0.040063467,0.157615894,0.114795918,-0.535229992,-0.66080207,0.388403495,0.43425641,-0.751417075
-0.174433249,0.386751289,-0.073907285,0.114795918,0.16192502,1.261319534,-0.305798253,-0.462153846,0.657908072
0.375944584,0.386751289,0.157615894,-0.442602041,0.859080032,1.600517464,0.388403495,-0.282871795,0.738009092
0.100755668,0.386751289,0.157615894,-0.163903061,1.32385004,1.261319534,-0.652899126,-0.103589744,0.559280786
0.926322418,-0.653312178,0.620662252,-0.442602041,0.626695028,1.035187581,-0.305798253,-0.282871795,0.632045541
0.926322418,0.386751289,0.620662252,-0.442602041,0.394310024,0.130659767,-0.305798253,-0.103589744,0.180078905
0.100755668,0.040063467,-0.073907285,-0.163903061,0.394310024,0.243725744,0.041302621,-0.282871795,0.943433016
0.926322418,0.386751289,0.620662252,0.114795918,1.788620048,1.374385511,-0.305798253,-0.282871795,1.115454123
0.651133501,0.040063467,0.389139073,-0.163903061,-0.070459984,1.035187581,-0.305798253,-0.641435897,1.736902935
0.100755668,0.733439111,0.157615894,-0.163903061,0.626695028,0.469857697,0.041302621,-0.103589744,0.947881813
0.651133501,0.040063467,0.389139073,-0.442602041,0.394310024,0.243725744,-0.305798253,-0.462153846,1.247671245
0.651133501,-0.306624355,0.389139073,0.672193878,0.394310024,0.01759379,-0.305798253,-0.641435897,1.437112086
0.100755668,-0.306624355,0.157615894,-0.442602041,0.16192502,0.243725744,-0.305798253,-0.282871795,1.207544227
-0.174433249,0.040063467,-0.073907285,0.672193878,0.626695028,0.356791721,-0.305798253,-0.282871795,1.484663212
0.100755668,0.040063467,0.157615894,-0.442602041,1.091465036,0.243725744,-0.305798253,-0.462153846,1.580189091
0.651133501,0.040063467,0.389139073,0.114795918,-0.070459984,0.01759379,0.041302621,-0.282871795,1.394468805
0.651133501,1.773502578,0.85218543,0.114795918,0.626695028,1.148253558,-0.305798253,-0.462153846,0.781862332
0.375944584,-0.306624355,0.157615894,0.114795918,1.091465036,0.356791721,-0.305798253,-0.282871795,1.668619563
0.651133501,0.386751289,0.389139073,-0.163903061,0.859080032,0.356791721,-0.305798253,-0.462153846,2.096099396
0.375944584,0.040063467,0.157615894,-0.163903061,0.859080032,-0.095472186,-0.305798253,-0.641435897,1.575849388
0.100755668,-0.306624355,-0.073907285,-0.163903061,0.626695028,0.582923674,-0.652899126,-0.641435897,1.647473608
0.375944584,0.040063467,0.157615894,-0.163903061,-0.070459984,0.922121604,-0.305798253,0.075692308,1.313506361
0.651133501,0.386751289,0.389139073,-0.163903061,0.394310024,0.582923674,-0.305798253,-0.462153846,1.4492301
0.651133501,0.386751289,0.389139073,-0.442602041,0.394310024,0.01759379,-0.652899126,-0.282871795,1.880567918
0.375944584,-0.306624355,0.157615894,-0.163903061,1.556235044,0.809055627,-0.305798253,-0.641435897,2.509583935
0.375944584,0.733439111,0.157615894,-0.163903061,0.859080032,0.243725744,-0.305798253,-0.641435897,1.591318168
0.651133501,0.040063467,0.389139073,0.114795918,0.626695028,1.713583441,-0.305798253,-0.641435897,1.721758605
0.651133501,0.733439111,0.389139073,0.393494898,1.091465036,0.922121604,-0.305798253,-0.462153846,1.598990218
0.100755668,-1,-0.073907285,-0.72130102,0.394310024,1.035187581,-0.305798253,-0.641435897,1.932572091
-0.449622166,0.733439111,0.157615894,-0.163903061,0.394310024,0.243725744,0.041302621,-0.462153846,1.76824712
0.926322418,-0.653312178,0.620662252,0.114795918,0.394310024,0.243725744,0.041302621,-0.462153846,1.311068024
0.100755668,0.386751289,-0.073907285,-0.163903061,-0.070459984,-0.095472186,0.388403495,0.254974359,2.019567331
-0.174433249,0.040063467,-0.073907285,0.114795918,1.091465036,0.695989651,0.041302621,-0.282871795,1.704583981
0.100755668,0.386751289,-0.073907285,0.114795918,-0.070459984,0.243725744,-0.305798253,-0.462153846,0.333942118
0.375944584,0.386751289,0.157615894,-0.442602041,-0.302844988,0.130659767,0.041302621,-0.282871795,0.279773052
0.375944584,0.733439111,0.157615894,-0.442602041,0.626695028,0.356791721,-0.305798253,-0.103589744,0.572238971
0.100755668,0.040063467,-0.073907285,-0.72130102,0.859080032,1.035187581,-0.305798253,-0.462153846,0.518833567
0.100755668,0.040063467,-0.073907285,-0.163903061,0.626695028,1.487451488,-0.305798253,-0.462153846,0.595273539
0.375944584,0.040063467,0.157615894,-0.442602041,0.394310024,1.487451488,-0.652899126,-0.641435897,0.777505628
0.651133501,0.386751289,0.389139073,-0.442602041,1.091465036,0.695989651,-0.652899126,-0.282871795,0.682416128
0.375944584,0.733439111,0.157615894,-0.163903061,0.394310024,0.582923674,-0.652899126,-0.462153846,0.701907244
1.201511335,0.733439111,0.85218543,-0.442602041,0.859080032,0.469857697,-0.305798253,-0.641435897,0.702652488
0.926322418,1.080126934,0.620662252,-0.163903061,0.394310024,-0.208538163,-0.305798253,-0.103589744,0.516757934
0.375944584,0.386751289,0.157615894,-0.163903061,-0.070459984,0.243725744,-0.305798253,-0.103589744,0.791877794
1.201511335,0.386751289,0.85218543,-0.163903061,0.394310024,0.130659767,0.041302621,0.075692308,1.093371653
0.651133501,0.386751289,0.389139073,-0.442602041,0.626695028,0.243725744,-0.305798253,-0.282871795,0.513863382
0.651133501,0.040063467,0.389139073,-0.163903061,0.394310024,1.487451488,-0.652899126,-0.641435897,0.704280408
0.100755668,0.386751289,-0.073907285,-0.163903061,-0.302844988,0.356791721,-0.305798253,0.254974359,0.521335662
0.375944584,-0.306624355,0.157615894,-0.163903061,1.32385004,0.469857697,-0.652899126,-0.641435897,0.053373191
0.375944584,1.080126934,0.389139073,0.114795918,-0.070459984,0.809055627,-0.305798253,-0.462153846,0.702930184
0.375944584,1.080126934,0.389139073,0.114795918,0.394310024,-0.095472186,-0.305798253,-0.103589744,0.78458545
0.100755668,-0.653312178,-0.073907285,-0.442602041,-0.302844988,-0.32160414,-0.305798253,-0.462153846,0.538975001
-0.174433249,0.733439111,0.157615894,-0.442602041,-0.302844988,-0.32160414,0.041302621,-0.462153846,0.572396237
0.100755668,1.426814756,0.620662252,-0.163903061,0.16192502,0.809055627,-0.305798253,0.075692308,0.656513926
-0.724811083,0.386751289,-0.073907285,-0.163903061,0.16192502,-0.095472186,-0.305798253,-0.462153846,0.411708229
1.201511335,-0.306624355,0.85218543,-0.163903061,0.626695028,0.243725744,-0.305798253,-0.462153846,0.650070254
0.375944584,0.386751289,0.157615894,-0.442602041,0.16192502,0.809055627,-0.652899126,-0.820717949,0.633357511
0.375944584,0.386751289,0.157615894,-0.442602041,0.394310024,-0.32160414,0.388403495,-0.282871795,0.428829014
0.375944584,0.040063467,0.157615894,-0.163903061,-0.070459984,-0.095472186,0.041302621,0.075692308,0.538727059
0.375944584,-0.306624355,0.157615894,0.114795918,-0.302844988,0.243725744,0.041302621,-0.462153846,0.627975033
0.375944584,1.080126934,0.389139073,-0.163903061,-0.070459984,-0.095472186,-0.305798253,-0.103589744,0.609002471
0.100755668,0.040063467,0.157615894,-0.442602041,1.091465036,0.01759379,-0.305798253,-0.462153846,0.324839086
-0.174433249,0.040063467,-0.305430464,0.393494898,-0.070459984,-0.095472186,0.388403495,-0.282871795,0.693540955
-0.174433249,0.733439111,0.389139073,-0.163903061,-0.070459984,0.356791721,-0.305798253,-0.103589744,1.075448951
0.375944584,0.733439111,0.157615894,0.114795918,0.16192502,0.695989651,0.041302621,-0.103589744,0.624930299
-1,0.040063467,-0.305430464,0.393494898,-0.535229992,-0.773868047,0.041302621,0.254974359,0.299599953
-0.449622166,1.426814756,0.620662252,0.114795918,-0.535229992,-0.547736093,3.512311358,2.227076923,0.149713738
-0.724811083,0.386751289,-0.073907285,0.114795918,0.16192502,0.469857697,-0.305798253,0.43425641,0.17709226
0.100755668,0.386751289,-0.073907285,-0.163903061,0.859080032,-0.095472186,-0.652899126,-0.641435897,-0.01976277
-0.174433249,-0.306624355,-0.305430464,-0.163903061,-0.767614996,-0.547736093,2.123907863,2.585641026,0.024127307
0.100755668,0.733439111,0.157615894,-0.163903061,0.16192502,0.809055627,0.735504369,-0.103589744,0.039100202
-0.449622166,-0.306624355,-0.536953642,0.672193878,-0.302844988,-0.66080207,0.388403495,0.43425641,0.196302847
0.100755668,0.040063467,-0.073907285,0.393494898,-0.535229992,-0.66080207,0.388403495,0.254974359,0.198843195
-0.174433249,0.040063467,-0.073907285,0.393494898,-0.535229992,-0.547736093,0.041302621,0.254974359,0.190379146
-0.449622166,0.040063467,-0.305430464,0.393494898,-0.535229992,-0.547736093,0.388403495,0.613538462,0.152195997
0.100755668,0.040063467,-0.073907285,0.114795918,-0.302844988,-0.434670116,-0.305798253,0.613538462,0.197590731
-0.174433249,-0.306624355,-0.305430464,0.393494898,-0.535229992,-0.208538163,0.041302621,0.613538462,0.19473585
-0.449622166,0.040063467,-0.073907285,0.114795918,-0.070459984,-0.434670116,0.735504369,0.613538462,0.345830608
-0.449622166,0.040063467,-0.305430464,1.229591837,-0.535229992,-0.547736093,-0.305798253,0.43425641,0.261816346
-0.174433249,-0.306624355,-0.305430464,0.114795918,-0.535229992,-0.434670116,0.735504369,0.254974359,0.21046249
-0.174433249,0.386751289,-0.073907285,0.114795918,-0.535229992,-0.773868047,0.388403495,0.254974359,-0.072072975
0.651133501,0.386751289,0.389139073,0.114795918,-0.070459984,-0.434670116,0.041302621,-0.103589744,0.190941621
-0.724811083,-0.653312178,-0.305430464,0.114795918,-0.302844988,-0.32160414,0.041302621,0.254974359,-5.20E-05
-0.174433249,-0.306624355,-0.305430464,0.114795918,-0.070459984,-0.32160414,0.388403495,0.613538462,0.108542528
0.100755668,1.080126934,0.389139073,-0.163903061,-0.070459984,0.356791721,-0.305798253,-0.282871795,0.157932679
-0.724811083,-0.653312178,-0.536953642,-0.442602041,-0.302844988,0.01759379,-0.305798253,-0.103589744,-0.028916808
0.100755668,0.733439111,0.157615894,0.114795918,0.16192502,0.243725744,0.041302621,-0.282871795,0.4953357
0.375944584,-1,0.157615894,-0.163903061,-0.302844988,-0.32160414,0.041302621,0.075692308,0.524476739
0.100755668,-1,-0.073907285,-0.163903061,-0.070459984,-0.208538163,0.041302621,-0.103589744,0.288373116
1.201511335,0.386751289,0.85218543,-0.163903061,0.394310024,0.01759379,-0.305798253,-0.282871795,0.330411417
-0.174433249,-0.653312178,-0.305430464,0.114795918,-0.070459984,0.243725744,-0.305798253,0.075692308,0.208973418
0.375944584,0.733439111,0.157615894,0.114795918,-0.302844988,0.243725744,0.041302621,-0.282871795,0.400883766
-0.449622166,0.386751289,-0.073907285,-0.163903061,-0.070459984,0.130659767,0.041302621,-0.462153846,0.279746133
0.100755668,0.733439111,0.157615894,0.672193878,-0.070459984,-0.32160414,0.041302621,-0.462153846,0.336136764
0.100755668,-0.653312178,-0.073907285,-0.163903061,0.394310024,-0.32160414,-0.305798253,-0.103589744,0.272990762
-0.174433249,0.386751289,-0.073907285,0.114795918,0.626695028,0.01759379,-0.305798253,-0.282871795,0.346918722
0.375944584,0.386751289,0.389139073,-0.442602041,0.626695028,0.243725744,-0.305798253,0.075692308,0.344510137
0.375944584,-0.653312178,0.157615894,0.114795918,-0.535229992,-0.547736093,0.735504369,-0.103589744,0.037738644
-1,0.040063467,-0.305430464,-0.163903061,-0.302844988,0.01759379,0.041302621,0.254974359,0.0358812
0.100755668,-1,-0.073907285,0.114795918,-0.535229992,-0.547736093,0.388403495,0.613538462,0.190689428
0.100755668,-0.306624355,-0.073907285,0.950892857,-0.302844988,-0.208538163,-0.305798253,0.075692308,0.141411206
-0.174433249,-0.306624355,-0.305430464,0.114795918,-0.302844988,0.01759379,0.388403495,0.254974359,0.191910722
0.100755668,0.040063467,-0.073907285,-0.163903061,-0.535229992,-0.208538163,0.041302621,-0.282871795,0.106050351
0.651133501,-0.306624355,0.389139073,-0.163903061,0.16192502,0.469857697,-0.305798253,-0.103589744,0.349484573
0.100755668,-0.653312178,-0.073907285,-0.163903061,-0.070459984,-0.095472186,0.041302621,0.254974359,0.154341054
0.100755668,0.386751289,-0.073907285,0.393494898,0.16192502,0.243725744,0.041302621,0.254974359,0.262649433
0.100755668,0.386751289,-0.073907285,-0.163903061,-0.535229992,-0.32160414,-0.652899126,-0.103589744,0.093767987
0.100755668,-1,-0.073907285,-0.163903061,-0.302844988,0.01759379,0.041302621,-0.462153846,0.160950493
0.375944584,0.386751289,0.157615894,-0.163903061,-0.302844988,-0.208538163,-0.652899126,-0.282871795,0.108859894
0.100755668,0.386751289,-0.073907285,0.114795918,0.394310024,0.130659767,-0.305798253,-0.462153846,0.173707491
-0.174433249,0.040063467,-0.305430464,-0.163903061,-0.535229992,-0.095472186,0.388403495,-0.103589744,0.065369359
0.100755668,-0.306624355,-0.073907285,0.114795918,-0.302844988,-0.32160414,-0.305798253,0.254974359,0.33872245
-0.174433249,0.040063467,-0.073907285,0.393494898,0.16192502,-0.095472186,-0.305798253,-0.103589744,-0.037268929
0.100755668,-0.653312178,-0.073907285,0.114795918,-0.302844988,0.01759379,0.735504369,0.075692308,-0.035172044
0.100755668,0.040063467,-0.073907285,-0.163903061,-0.070459984,-0.095472186,0.041302621,0.254974359,-0.164816231
-0.449622166,0.040063467,-0.305430464,0.114795918,-0.302844988,-0.32160414,-0.305798253,0.254974359,-0.078502479
0.100755668,0.386751289,-0.073907285,-0.163903061,-0.070459984,0.01759379,0.041302621,0.254974359,0.060870973
-0.174433249,0.040063467,-0.305430464,0.950892857,-0.070459984,-0.32160414,0.041302621,0.613538462,0.166116199
0.100755668,-0.306624355,-0.073907285,0.114795918,-0.302844988,-0.434670116,0.041302621,0.075692308,-0.08496032
0.926322418,-0.653312178,0.620662252,-0.163903061,-0.535229992,-0.208538163,0.735504369,0.792820513,-0.178049278
0.100755668,-0.653312178,-0.073907285,0.393494898,-0.535229992,-0.547736093,0.388403495,0.43425641,-0.154829106
-0.449622166,0.386751289,-0.073907285,0.393494898,-0.302844988,-0.095472186,0.041302621,-0.282871795,-0.33228228
-0.449622166,0.386751289,-0.073907285,-0.163903061,-0.070459984,-0.434670116,0.388403495,0.254974359,-0.468436729
-0.449622166,0.040063467,-0.305430464,-0.163903061,0.16192502,0.01759379,-0.305798253,0.43425641,-0.372118851
-0.449622166,0.040063467,-0.305430464,0.114795918,0.394310024,0.01759379,0.388403495,0.254974359,-0.377477243
-0.174433249,0.040063467,-0.073907285,-0.442602041,-0.070459984,-0.434670116,-0.305798253,0.254974359,-0.479555889
0.100755668,0.386751289,-0.073907285,-0.163903061,0.394310024,0.130659767,-0.652899126,-0.462153846,-0.17883986
-0.174433249,-0.306624355,-0.305430464,-0.163903061,0.626695028,-0.208538163,-0.305798253,-0.462153846,-0.107830538
-0.174433249,1.080126934,0.389139073,-0.163903061,-0.302844988,-0.434670116,0.388403495,0.254974359,-0.239010552
0.100755668,-1,-0.073907285,0.672193878,-0.302844988,-0.32160414,-0.305798253,-0.103589744,-0.111512839
-0.724811083,-0.653312178,-0.536953642,0.672193878,-0.535229992,-0.434670116,0.041302621,0.792820513,-9.74E-05
0.375944584,0.040063467,0.157615894,-0.163903061,-0.302844988,-0.434670116,-0.652899126,0.43425641,0.079802447
0.375944584,-0.653312178,0.157615894,-0.163903061,-0.302844988,-0.208538163,0.041302621,-0.462153846,0.140716967
0.100755668,-0.306624355,-0.073907285,-0.163903061,-0.070459984,0.01759379,0.041302621,0.075692308,-0.023114953
-0.449622166,0.040063467,-0.305430464,0.672193878,-0.070459984,-0.547736093,1.082605242,1.151384615,0.07100828
-0.174433249,0.733439111,0.157615894,0.114795918,-0.302844988,-0.434670116,0.041302621,-0.103589744,0.056631864
-0.174433249,0.040063467,-0.305430464,-0.163903061,-0.302844988,-0.208538163,0.388403495,0.075692308,0.024199565
-0.449622166,-1,-0.305430464,0.114795918,-0.535229992,-0.66080207,1.082605242,0.254974359,-0.022364041
0.100755668,-0.306624355,-0.073907285,0.393494898,-0.302844988,-0.547736093,0.735504369,0.792820513,0.13617466
0.651133501,0.386751289,0.389139073,0.114795918,0.16192502,0.356791721,-0.305798253,-0.641435897,0.084993655
-0.174433249,-0.653312178,-0.305430464,0.114795918,-0.535229992,-0.434670116,-0.305798253,0.075692308,0.043605672
-0.724811083,0.040063467,-0.305430464,0.672193878,-0.070459984,-0.434670116,0.388403495,0.075692308,0.000528846
-0.449622166,-0.306624355,-0.305430464,0.114795918,-0.302844988,-0.32160414,0.041302621,0.43425641,0.015548496
-0.174433249,0.386751289,-0.073907285,-0.163903061,-0.070459984,0.01759379,-0.305798253,-0.103589744,0.229296205
-0.174433249,0.040063467,-0.305430464,0.393494898,-0.302844988,-0.547736093,0.388403495,0.075692308,0.570110915
-0.724811083,-0.653312178,-0.536953642,0.672193878,-0.535229992,-0.547736093,1.429706116,1.330666667,-0.422431348
0.100755668,-0.306624355,-0.073907285,0.393494898,0.16192502,0.922121604,-0.305798253,-0.462153846,-0.010817004
0.100755668,-1,-0.073907285,0.393494898,-0.535229992,-0.547736093,0.735504369,1.151384615,-0.099947383
-0.724811083,-0.653312178,-0.305430464,-0.442602041,-0.302844988,-0.095472186,-0.305798253,0.254974359,-0.210270472
-0.449622166,0.040063467,-0.305430464,-0.163903061,-0.302844988,-0.547736093,0.388403495,0.43425641,-0.207959647
-0.449622166,-0.306624355,-0.305430464,-0.163903061,-0.302844988,-0.32160414,0.388403495,0.792820513,-0.174250798
-0.174433249,0.040063467,-0.073907285,-0.163903061,-0.767614996,-0.547736093,0.041302621,0.075692308,-0.233928439
0.100755668,0.386751289,-0.073907285,-0.442602041,0.394310024,0.469857697,-0.652899126,-0.282871795,-0.273726756
0.100755668,-1,-0.073907285,0.114795918,0.16192502,-0.095472186,0.388403495,-0.103589744,-0.16103192
0.100755668,-0.653312178,-0.073907285,0.393494898,0.16192502,-0.434670116,-0.305798253,-0.282871795,-0.151869381
0.100755668,0.040063467,-0.073907285,-0.163903061,-0.302844988,0.01759379,-0.305798253,-0.462153846,-0.198084451
0.651133501,0.386751289,0.389139073,-0.442602041,0.16192502,-0.095472186,0.041302621,0.254974359,-0.186251217
-0.449622166,0.040063467,-0.305430464,-0.163903061,0.16192502,0.809055627,-0.305798253,-0.282871795,-0.133691652
-0.449622166,-0.653312178,-0.073907285,-0.442602041,-0.070459984,-0.547736093,1.082605242,1.330666667,-0.102598242
-0.449622166,0.040063467,-0.073907285,-0.163903061,0.16192502,0.469857697,-0.652899126,-0.641435897,-0.065374277
-0.449622166,0.040063467,-0.305430464,0.393494898,0.394310024,-0.32160414,0.388403495,-0.103589744,0.110467979
-1,0.386751289,-0.073907285,0.393494898,-0.535229992,-0.66080207,0.041302621,0.075692308,-0.175387084
0.375944584,-1,0.157615894,0.393494898,-0.070459984,0.01759379,-0.305798253,-0.282871795,0.008413419
-0.724811083,0.040063467,-0.305430464,0.114795918,-0.302844988,-0.32160414,0.041302621,-0.103589744,-0.066145024
-0.724811083,0.040063467,-0.305430464,0.114795918,-0.535229992,-0.095472186,0.041302621,0.43425641,-0.026172438
-0.724811083,0.040063467,-0.305430464,-0.163903061,-0.070459984,-0.434670116,0.388403495,0.972102564,-0.207968148
-0.174433249,1.080126934,0.389139073,-0.442602041,-0.070459984,-0.095472186,0.041302621,-0.282871795,-0.159753953
0.100755668,0.040063467,-0.073907285,0.393494898,-0.535229992,-0.434670116,0.388403495,0.075692308,-0.242878456
-0.449622166,-0.306624355,-0.305430464,-0.163903061,-0.302844988,-0.66080207,0.388403495,0.613538462,-0.357094951
0.100755668,0.386751289,0.157615894,-0.163903061,0.16192502,0.130659767,-0.305798253,-0.282871795,-0.086914107
0.100755668,1.080126934,0.389139073,-0.163903061,0.394310024,-0.095472186,0.388403495,-0.282871795,-0.128154741
-0.174433249,0.040063467,-0.073907285,-0.163903061,0.16192502,0.130659767,-0.305798253,-0.103589744,-0.107268063
-0.174433249,0.040063467,-0.305430464,0.393494898,-0.302844988,-0.547736093,0.388403495,0.075692308,-0.115475669
-0.174433249,0.386751289,-0.073907285,-0.163903061,-0.070459984,-0.095472186,0.041302621,0.075692308,-0.119157969
1.201511335,-0.306624355,0.85218543,-0.163903061,0.394310024,-0.095472186,0.735504369,0.075692308,-0.086273706
0.100755668,1.080126934,0.389139073,0.393494898,-0.070459984,-0.095472186,0.041302621,0.075692308,-0.039491911
-0.174433249,0.386751289,-0.073907285,0.393494898,-0.070459984,-0.208538163,0.041302621,-0.282871795,-0.152151327
-0.174433249,-0.653312178,-0.305430464,0.114795918,0.394310024,0.01759379,-0.305798253,0.075692308,-0.457799287
0.100755668,-0.653312178,-0.073907285,0.393494898,0.16192502,0.356791721,0.388403495,0.792820513,-0.459437124
0.100755668,0.040063467,-0.073907285,0.393494898,-0.302844988,-0.32160414,0.388403495,0.43425641,-0.599959613
-0.174433249,-0.653312178,-0.305430464,-0.163903061,-0.302844988,-0.208538163,0.041302621,0.43425641,-0.484288049
0.100755668,-0.653312178,-0.073907285,-0.163903061,-0.070459984,-0.434670116,0.388403495,0.254974359,-0.580295645
-0.449622166,0.040063467,-0.073907285,-0.163903061,-0.302844988,-0.208538163,0.041302621,2.764923077,-0.604918463
-0.174433249,-0.306624355,-0.305430464,0.393494898,-0.302844988,-0.32160414,0.041302621,0.254974359,-0.551409633
0.375944584,-0.306624355,0.157615894,-0.163903061,-0.070459984,0.01759379,-0.305798253,-0.103589744,-0.372317205
-0.449622166,0.040063467,-0.305430464,0.393494898,-0.302844988,-0.66080207,0.388403495,0.613538462,-0.444009432
-0.724811083,-0.306624355,-0.073907285,0.114795918,-0.302844988,-0.208538163,0.388403495,0.075692308,-0.458616789
-0.174433249,0.386751289,-0.073907285,0.114795918,-0.302844988,-0.547736093,0.388403495,0.075692308,-0.524539747
-0.174433249,-0.653312178,-0.305430464,0.114795918,-0.535229992,-0.547736093,-0.305798253,0.075692308,-0.572875788
-0.174433249,0.386751289,-0.073907285,-0.442602041,0.859080032,0.582923674,-0.652899126,-0.103589744,-0.508409315
-0.724811083,-1,-0.768476821,0.114795918,-0.535229992,-0.547736093,0.388403495,1.151384615,-0.464713341
0.100755668,0.733439111,0.157615894,-0.163903061,0.394310024,1.035187581,-0.652899126,0.075692308,-0.455511131
-0.174433249,-0.653312178,-0.305430464,0.114795918,-0.535229992,-0.66080207,0.041302621,0.43425641,-0.472034021
0.651133501,0.386751289,0.389139073,0.114795918,0.16192502,0.356791721,-0.652899126,-0.462153846,0.126424143
-0.174433249,0.040063467,-0.305430464,0.393494898,-0.535229992,-0.66080207,-0.305798253,-0.103589744,0.001880487
0.100755668,-0.653312178,0.157615894,-0.163903061,-0.535229992,-0.434670116,-0.305798253,1.509948718,0.506282008
0.651133501,-0.653312178,0.389139073,-0.442602041,-0.535229992,-0.208538163,-0.305798253,0.075692308,0.275049393
-0.174433249,0.040063467,-0.305430464,-0.442602041,-0.302844988,-0.547736093,0.041302621,0.254974359,0.339204167
-0.449622166,-0.306624355,-0.536953642,0.114795918,-0.302844988,-0.32160414,0.041302621,0.075692308,0.150542575
-0.449622166,-1,-0.536953642,0.950892857,-0.070459984,-0.32160414,0.041302621,-0.282871795,0.257721753
0.651133501,0.040063467,0.389139073,-0.163903061,-0.070459984,-0.547736093,0.041302621,0.075692308,0.475207018
0.100755668,0.733439111,0.157615894,-0.163903061,0.626695028,0.356791721,-0.652899126,-0.282871795,0.481571348
0.375944584,0.040063467,0.157615894,-0.163903061,-0.070459984,-0.095472186,0.041302621,-0.462153846,0.931007554
0.100755668,0.733439111,0.157615894,-0.442602041,1.091465036,0.01759379,-0.305798253,-0.462153846,0.825902592
0.375944584,-0.653312178,0.157615894,-0.442602041,0.394310024,-0.095472186,-0.305798253,-0.282871795,0.808906486
0.926322418,0.386751289,0.620662252,-0.442602041,0.626695028,1.261319534,-0.305798253,-0.641435897,0.980451543
0.926322418,0.040063467,0.620662252,-0.163903061,1.091465036,0.469857697,-0.305798253,-0.462153846,0.77749146
0.375944584,1.426814756,0.620662252,0.114795918,0.16192502,-0.095472186,0.041302621,-0.462153846,1.184322639
-0.449622166,0.733439111,0.157615894,0.114795918,1.32385004,0.243725744,-0.652899126,0.075692308,0.454198493
0.375944584,0.040063467,0.157615894,-0.442602041,0.16192502,0.469857697,-0.305798253,-0.282871795,-0.161217522
-0.449622166,0.040063467,-0.536953642,0.672193878,-0.302844988,-0.66080207,0.388403495,0.792820513,-0.252209595
0.100755668,-0.653312178,-0.073907285,-0.163903061,0.16192502,0.469857697,0.041302621,0.075692308,-0.113528966
-0.724811083,0.040063467,-0.305430464,0.393494898,-0.767614996,-0.547736093,0.735504369,0.972102564,-0.268658811
-0.174433249,-0.653312178,-0.073907285,0.393494898,-0.767614996,-0.66080207,0.041302621,1.868512821,-0.273661583
0.926322418,0.386751289,0.620662252,-0.442602041,0.394310024,0.130659767,0.041302621,-0.103589744,-0.18861588
0.100755668,0.733439111,0.157615894,-0.163903061,-0.302844988,-0.208538163,-0.305798253,-0.462153846,-0.102059853
-0.724811083,-0.306624355,-0.305430464,0.393494898,-0.535229992,-0.773868047,0.735504369,1.330666667,-0.25237678
0.375944584,0.733439111,0.157615894,-0.442602041,0.16192502,0.130659767,0.041302621,-0.282871795,-0.218866285
-0.449622166,0.040063467,-0.305430464,0.672193878,-0.302844988,-0.095472186,1.082605242,0.075692308,-0.320787664
-0.449622166,0.386751289,-0.073907285,0.114795918,-0.302844988,-0.547736093,-0.305798253,-0.282871795,-0.290100881
-1,-0.306624355,-0.305430464,0.114795918,-0.070459984,-0.547736093,0.041302621,0.43425641,-0.271493857
-0.174433249,-1,-0.305430464,-0.163903061,-0.767614996,-0.547736093,0.388403495,0.613538462,-0.264698815
0.926322418,-0.653312178,0.620662252,-0.163903061,-0.302844988,-0.434670116,0.388403495,-0.103589744,-0.243144817
-0.724811083,0.386751289,-0.073907285,-0.163903061,-0.535229992,-0.547736093,0.041302621,0.254974359,-0.250017784
-0.449622166,-0.653312178,-0.073907285,0.114795918,-0.535229992,-0.434670116,-0.305798253,-0.103589744,-0.463608226
0.375944584,-0.306624355,0.157615894,-0.163903061,-0.070459984,-0.095472186,0.388403495,-0.282871795,-0.409504333
0.926322418,-0.653312178,0.620662252,0.114795918,-0.302844988,0.356791721,-0.305798253,0.075692308,-0.340729327
-0.174433249,0.386751289,-0.073907285,0.393494898,0.16192502,-0.095472186,0.041302621,-0.103589744,-0.314043628
-0.174433249,-0.653312178,-0.305430464,0.114795918,-0.302844988,-0.66080207,0.735504369,0.972102564,-0.345015191
-0.174433249,0.040063467,-0.305430464,-0.163903061,0.394310024,-0.208538163,-0.305798253,-0.103589744,-0.265153612
-0.449622166,-0.306624355,-0.305430464,-0.442602041,-0.302844988,-0.32160414,0.388403495,0.43425641,-0.422327921
0.375944584,0.040063467,0.157615894,-0.442602041,-0.070459984,0.356791721,0.041302621,0.075692308,-0.44521089
-0.449622166,-0.653312178,-0.305430464,0.114795918,-0.302844988,-0.095472186,0.388403495,0.075692308,-0.491098676
-0.174433249,-0.306624355,-0.305430464,0.114795918,-0.302844988,-0.32160414,0.041302621,0.075692308,-0.449763115
-0.174433249,-0.653312178,-0.305430464,0.393494898,-0.535229992,-0.547736093,0.041302621,0.075692308,-0.499758246
0.100755668,-0.306624355,-0.073907285,-0.163903061,-0.070459984,0.243725744,0.041302621,0.613538462,-0.424699668
0.375944584,-0.653312178,0.157615894,0.114795918,0.16192502,0.582923674,0.388403495,0.075692308,-0.268269187
-0.449622166,0.040063467,-0.305430464,-0.163903061,0.16192502,-0.434670116,1.429706116,0.254974359,-0.35085955
-0.449622166,0.386751289,-0.073907285,-0.163903061,-0.070459984,-0.32160414,0.388403495,0.075692308,-0.29418839
0.100755668,0.386751289,-0.073907285,0.114795918,-0.302844988,-0.547736093,0.041302621,-0.462153846,-0.035959793
-0.174433249,-0.653312178,-0.305430464,0.114795918,-0.070459984,-0.547736093,1.082605242,0.43425641,-0.461927884
-0.174433249,-0.653312178,-0.305430464,0.114795918,-0.302844988,-0.208538163,0.041302621,0.613538462,-0.461090547
-0.174433249,0.040063467,-0.305430464,0.114795918,-0.302844988,-0.32160414,0.041302621,-0.103589744,-0.429879542
0.100755668,-0.306624355,-0.073907285,0.114795918,-0.302844988,-0.208538163,0.388403495,0.075692308,-0.472419395
-0.174433249,0.040063467,-0.305430464,-0.163903061,-0.302844988,0.01759379,0.388403495,0.613538462,-0.430726797
-0.174433249,0.040063467,-0.073907285,-0.163903061,-0.070459984,0.130659767,-0.305798253,-0.103589744,-0.45252307
-0.174433249,-0.306624355,-0.305430464,0.114795918,-0.535229992,-0.547736093,0.041302621,0.792820513,-0.354106889
-0.174433249,-0.306624355,-0.305430464,-0.163903061,0.16192502,0.130659767,0.041302621,0.613538462,-0.384773837
-0.724811083,0.040063467,-0.305430464,0.114795918,-0.302844988,-0.66080207,0.388403495,-0.103589744,-0.408458724
-0.174433249,-0.306624355,-0.073907285,0.393494898,-0.535229992,-0.66080207,0.388403495,0.43425641,-0.532558917
-0.174433249,0.733439111,0.157615894,-0.163903061,0.16192502,0.243725744,0.041302621,0.43425641,-0.529057968
-0.174433249,-1,-0.305430464,0.114795918,-0.302844988,-0.095472186,0.388403495,-0.282871795,-0.551576817
-0.174433249,0.733439111,0.157615894,0.114795918,-0.302844988,-0.208538163,0.388403495,-0.282871795,-0.523275949
0.375944584,0.386751289,0.157615894,-0.163903061,-0.302844988,-0.32160414,0.388403495,0.613538462,-0.454420184
0.375944584,0.733439111,0.157615894,-0.163903061,0.16192502,0.01759379,0.388403495,-0.282871795,-0.446603619
-0.174433249,0.040063467,-0.305430464,0.114795918,-0.070459984,-0.547736093,-0.305798253,0.254974359,-0.39377911
-0.449622166,-0.306624355,-0.536953642,0.393494898,-0.535229992,-0.547736093,0.041302621,-0.103589744,-0.505442505
0.100755668,-0.306624355,-0.073907285,-0.442602041,-0.070459984,-0.32160414,0.041302621,-0.103589744,-0.428245954
0.651133501,0.733439111,0.389139073,-0.442602041,-0.070459984,-0.208538163,0.041302621,-0.462153846,-0.314746367
-0.174433249,-0.306624355,-0.305430464,0.393494898,-0.302844988,-0.095472186,-0.305798253,0.254974359,-0.311181662
0.100755668,0.040063467,-0.073907285,0.114795918,-0.535229992,-0.32160414,-0.305798253,0.254974359,-0.369696098
-1,0.040063467,-0.305430464,-0.442602041,-0.070459984,0.809055627,-0.652899126,-0.282871795,-0.385633844
-0.724811083,-0.306624355,-0.305430464,-0.163903061,-0.302844988,0.130659767,-0.305798253,-0.282871795,-0.914353568
-0.724811083,1.080126934,0.389139073,0.393494898,0.394310024,0.130659767,-0.652899126,-0.462153846,-0.636572931
0.100755668,-0.653312178,-0.073907285,0.114795918,1.788620048,0.356791721,-0.652899126,-0.103589744,0.026860342
0.100755668,0.040063467,-0.073907285,-0.442602041,1.091465036,0.469857697,0.041302621,-0.103589744,-0.107416828
-0.449622166,-0.306624355,-0.305430464,0.114795918,-0.535229992,0.130659767,-0.305798253,-0.462153846,-0.322085466
-1,-0.653312178,-0.305430464,-0.163903061,0.394310024,-0.208538163,-0.305798253,0.254974359,-0.46905446
0.100755668,0.386751289,-0.073907285,0.114795918,0.16192502,0.130659767,-0.305798253,0.075692308,-0.368231112
0.100755668,-1,-0.073907285,-0.163903061,-0.302844988,-0.32160414,0.041302621,0.254974359,-0.488748181
-0.174433249,-0.306624355,-0.305430464,0.393494898,-0.302844988,-0.095472186,-0.305798253,-0.462153846,-0.388514227
0.100755668,-0.306624355,-0.073907285,0.393494898,0.16192502,0.130659767,0.041302621,-0.282871795,-0.229254368
0.100755668,0.386751289,-0.073907285,0.114795918,-0.302844988,-0.208538163,-0.305798253,-0.462153846,-0.395941169
0.375944584,-1,0.157615894,-0.163903061,-0.070459984,0.243725744,-0.652899126,-0.641435897,-0.042854012
0.375944584,0.040063467,0.157615894,-0.442602041,0.16192502,0.01759379,0.041302621,-0.282871795,0.128787389
0.375944584,-0.653312178,0.157615894,-0.163903061,0.16192502,1.261319534,-0.305798253,-0.462153846,0.022625484
-0.174433249,-1,-0.305430464,-0.163903061,-0.535229992,-0.434670116,0.041302621,0.43425641,0.123332654
-0.174433249,-0.306624355,-0.305430464,-0.163903061,-0.302844988,0.130659767,-0.305798253,0.43425641,-0.24512694
-0.449622166,0.040063467,-0.073907285,-0.442602041,-0.070459984,-0.208538163,0.041302621,0.254974359,-0.713803486
0.100755668,0.040063467,-0.073907285,-0.163903061,-0.070459984,-0.434670116,-0.305798253,-0.462153846,-0.588333233
0.100755668,-0.306624355,-0.073907285,0.114795918,-0.070459984,-0.32160414,-0.305798253,-0.462153846,0.349099199
0.375944584,0.040063467,0.157615894,0.114795918,-0.302844988,-0.434670116,0.041302621,-0.462153846,-0.154095196
0.100755668,0.040063467,-0.073907285,-0.442602041,-0.302844988,0.243725744,0.041302621,-0.103589744,-0.010607315
0.375944584,0.386751289,0.157615894,-0.163903061,-0.070459984,1.035187581,0.041302621,-0.282871795,0.015600918
-0.174433249,0.386751289,-0.073907285,-0.72130102,0.394310024,0.695989651,-0.652899126,-0.641435897,0.630101672
0.375944584,0.733439111,0.157615894,-0.442602041,1.556235044,1.261319534,-0.305798253,-0.641435897,0.517722785
0.375944584,-0.306624355,0.389139073,-0.442602041,1.091465036,1.487451488,-0.305798253,-0.641435897,0.67748278
0.651133501,2.120190401,1.083708609,-0.442602041,2.718160064,1.713583441,-0.652899126,-0.820717949,0.570749899
0.926322418,1.080126934,0.620662252,0.393494898,0.394310024,0.809055627,-0.652899126,-0.820717949,0.354740954
-0.174433249,-0.306624355,-0.305430464,0.114795918,-0.302844988,-0.208538163,0.041302621,-0.103589744,-0.021658468
-0.174433249,-0.306624355,-0.305430464,0.114795918,-0.070459984,-0.208538163,0.041302621,-0.103589744,-0.135869296
0.100755668,-0.306624355,-0.073907285,-0.163903061,-0.302844988,0.356791721,0.041302621,-0.462153846,-0.225995695
-1,-0.306624355,-0.536953642,-0.442602041,-0.302844988,-0.547736093,0.735504369,0.43425641,-0.191066969
-0.724811083,0.040063467,-0.305430464,0.114795918,-0.535229992,-0.66080207,-0.305798253,0.972102564,-0.285358803
-0.724811083,0.386751289,-0.073907285,0.114795918,-0.070459984,-0.32160414,0.041302621,0.43425641,-0.928450871
-0.449622166,-0.306624355,-0.536953642,-0.163903061,-0.535229992,-0.32160414,0.041302621,0.613538462,-0.351981667
0.375944584,-0.306624355,0.157615894,-0.442602041,-0.535229992,-0.32160414,-0.305798253,0.075692308,-0.912268017
0.100755668,0.386751289,-0.073907285,-0.442602041,-0.302844988,0.243725744,-0.652899126,-0.462153846,-0.912823408
-0.724811083,0.386751289,-0.073907285,0.393494898,-0.070459984,-0.547736093,0.041302621,0.43425641,-0.331925242
0.100755668,-0.306624355,-0.073907285,0.114795918,-0.070459984,0.01759379,0.041302621,0.075692308,-0.209787338
-0.174433249,-0.653312178,-0.305430464,0.114795918,-0.302844988,0.695989651,0.388403495,-0.282871795,-0.359734476
-0.449622166,-0.653312178,-0.536953642,0.672193878,-0.070459984,-0.547736093,0.041302621,0.075692308,-0.391326604
-0.449622166,-0.306624355,-0.536953642,0.114795918,-0.302844988,0.01759379,-0.305798253,0.43425641,-0.511128182
-0.174433249,-1,-0.305430464,0.114795918,-0.535229992,-0.434670116,0.388403495,0.613538462,-0.566140252
-0.449622166,0.040063467,-0.305430464,-0.163903061,-0.302844988,-0.66080207,0.041302621,0.972102564,-0.627903444
1.201511335,-0.306624355,0.85218543,-0.163903061,-0.070459984,0.130659767,-0.305798253,-0.462153846,-0.576551005
0.100755668,-1,-0.073907285,-0.442602041,-0.302844988,0.01759379,-0.305798253,-0.462153846,-0.759369654
0.100755668,0.040063467,-0.073907285,-0.163903061,-0.535229992,-0.208538163,0.388403495,0.254974359,-0.986455254
0.375944584,0.040063467,0.157615894,-0.163903061,-0.302844988,0.130659767,-0.305798253,0.43425641,-0.735480746
-0.724811083,0.040063467,-0.305430464,-0.442602041,0.16192502,0.243725744,0.041302621,-0.282871795,-0.533444426
-0.449622166,0.386751289,-0.073907285,-0.163903061,0.394310024,0.01759379,-0.305798253,-0.641435897,-0.496811272
-0.174433249,0.040063467,0.157615894,-0.442602041,0.16192502,0.356791721,-0.305798253,-0.462153846,-0.427861998
-1,1.080126934,0.389139073,-0.442602041,0.16192502,0.243725744,-0.305798253,-0.462153846,-0.643486986
0.375944584,0.040063467,0.157615894,0.393494898,-0.302844988,-0.32160414,-0.305798253,0.075692308,0.296807412
-0.174433249,0.040063467,-0.305430464,-0.442602041,-0.302844988,-0.32160414,-0.305798253,-0.462153846,0.024458842
-0.174433249,0.040063467,-0.305430464,0.393494898,-0.302844988,-0.547736093,-0.305798253,1.330666667,0.061876911
0.100755668,-0.306624355,-0.073907285,-0.163903061,0.394310024,-0.32160414,-0.305798253,-0.103589744,-0.185194273
-0.449622166,-0.653312178,-0.305430464,-0.163903061,-0.302844988,-0.32160414,0.388403495,-0.103589744,-0.361241967
-0.174433249,-0.306624355,-0.073907285,-0.163903061,-0.070459984,-0.208538163,-0.305798253,-0.282871795,-0.12107917
0.375944584,0.386751289,0.157615894,-0.163903061,-0.302844988,0.469857697,0.041302621,-0.462153846,0.076094644
0.375944584,-0.306624355,0.157615894,-0.163903061,-0.070459984,0.01759379,-0.305798253,-0.462153846,0.128859647
0.926322418,0.386751289,0.620662252,0.114795918,0.626695028,2.391979301,-0.652899126,-0.462153846,-0.272511129
-0.174433249,0.040063467,-0.073907285,-0.442602041,2.253390056,0.922121604,-0.305798253,-0.282871795,-0.811057878
0.375944584,0.386751289,0.157615894,-0.163903061,0.626695028,0.01759379,-0.305798253,-0.462153846,-0.399233845
-0.174433249,-0.306624355,-0.305430464,-0.163903061,-0.070459984,0.130659767,0.388403495,0.075692308,0.195961395
0.100755668,0.386751289,-0.073907285,-0.163903061,0.626695028,0.356791721,-0.305798253,0.075692308,0.12694128
0.375944584,0.040063467,0.157615894,0.114795918,-0.070459984,-0.095472186,-0.305798253,-0.641435897,-0.022596399
-1,1.080126934,0.389139073,0.114795918,0.16192502,0.01759379,0.041302621,-0.282871795,0.096057559
-0.174433249,-0.653312178,-0.073907285,-0.163903061,-0.070459984,-0.32160414,0.041302621,-0.103589744,0.013559289
0.100755668,0.733439111,0.157615894,0.114795918,0.394310024,0.356791721,0.388403495,-0.282871795,0.257327878
0.100755668,0.733439111,0.157615894,-0.163903061,0.16192502,0.01759379,0.041302621,-0.462153846,-0.059184215
0.375944584,1.426814756,0.620662252,0.672193878,-0.302844988,0.130659767,0.041302621,-0.103589744,0.218578004
0.651133501,1.080126934,0.389139073,-0.163903061,-0.070459984,-0.208538163,0.041302621,-0.462153846,0.166188456
0.100755668,-0.653312178,-0.073907285,0.393494898,-0.535229992,-0.32160414,0.388403495,0.43425641,-0.617427518
0.100755668,-0.306624355,-0.073907285,-0.163903061,0.16192502,-0.208538163,0.041302621,0.254974359,-0.520212796
0.100755668,0.040063467,-0.073907285,-0.163903061,-0.535229992,-0.66080207,-0.305798253,0.075692308,-0.560532501
-0.174433249,-1,-0.073907285,-0.163903061,-0.535229992,0.01759379,-0.305798253,-0.282871795,-0.40378607
-0.174433249,0.040063467,-0.305430464,0.672193878,0.394310024,0.243725744,0.735504369,0.075692308,-0.373362814
-0.174433249,-0.306624355,-0.305430464,-0.442602041,-0.302844988,0.130659767,-0.305798253,-0.103589744,-0.942339903
-0.174433249,-0.306624355,-0.305430464,-0.163903061,-0.535229992,-0.095472186,1.082605242,0.613538462,-0.66357458
-1,0.040063467,-0.305430464,0.114795918,-0.302844988,-0.095472186,-0.305798253,-0.282871795,-0.200587962
0.100755668,0.386751289,-0.073907285,-0.163903061,-0.070459984,-0.208538163,0.388403495,0.43425641,-0.390003299
0.926322418,0.040063467,0.620662252,0.114795918,0.16192502,-0.434670116,0.041302621,0.43425641,-0.398933481
0.375944584,0.386751289,0.157615894,0.114795918,-0.302844988,-0.434670116,0.041302621,-0.103589744,-0.460627248
-0.724811083,-0.306624355,-0.536953642,-0.163903061,-0.070459984,-0.434670116,1.082605242,0.792820513,-0.514884157
-0.449622166,0.733439111,0.157615894,-0.442602041,-0.302844988,-0.32160414,0.388403495,-0.282871795,-0.563428469
0.100755668,0.040063467,-0.073907285,0.114795918,-0.070459984,0.01759379,0.041302621,0.972102564,-0.40835388
-0.174433249,0.040063467,-0.305430464,0.114795918,-0.070459984,-0.434670116,0.041302621,0.075692308,-0.362399504
-0.724811083,1.080126934,0.389139073,0.950892857,-0.302844988,-0.434670116,0.041302621,0.43425641,-0.44830663
-0.174433249,-0.653312178,-0.305430464,-0.163903061,-0.302844988,-0.547736093,-0.305798253,0.254974359,-0.826440233
0.651133501,0.386751289,0.389139073,-0.442602041,-0.302844988,0.582923674,-0.305798253,-0.103589744,-0.846353559
0.375944584,-0.653312178,0.157615894,-0.163903061,-0.070459984,0.582923674,-0.652899126,-0.282871795,-0.578497708
0.651133501,0.733439111,0.389139073,-0.163903061,-0.302844988,0.356791721,-0.305798253,0.254974359,-0.651024438
-0.174433249,-0.306624355,-0.305430464,-0.442602041,-0.535229992,-0.208538163,-0.305798253,0.254974359,-0.709526123
-0.174433249,0.386751289,-0.073907285,-0.442602041,-0.302844988,0.01759379,-0.305798253,-0.282871795,-0.994264735
-0.449622166,0.040063467,-0.305430464,0.672193878,-0.070459984,-0.434670116,0.388403495,0.792820513,-0.887859138
-0.449622166,-0.653312178,-0.305430464,-0.163903061,-0.535229992,-0.547736093,0.388403495,-0.103589744,-0.77767773
0.100755668,-0.306624355,-0.073907285,0.114795918,0.16192502,0.01759379,0.041302621,-0.103589744,-0.779896462
-0.449622166,0.386751289,-0.073907285,-0.163903061,-0.535229992,-0.208538163,-0.305798253,0.075692308,-0.812718385
-0.724811083,-0.653312178,-0.536953642,0.114795918,0.16192502,0.130659767,-0.305798253,0.972102564,-0.98785365
0.100755668,0.386751289,-0.073907285,-0.163903061,0.16192502,0.809055627,-0.305798253,-0.641435897,-0.956734738
0.651133501,0.040063467,0.389139073,-0.442602041,0.16192502,0.243725744,-0.305798253,-0.641435897,-0.817379704
-0.174433249,-0.306624355,-0.305430464,-0.163903061,-0.070459984,0.356791721,-0.305798253,-0.462153846,-0.695607338
1.201511335,-0.306624355,0.85218543,0.393494898,-0.070459984,-0.095472186,-0.305798253,-0.641435897,-0.761666311
0.926322418,1.426814756,0.620662252,0.114795918,0.626695028,0.243725744,-0.652899126,-0.641435897,-0.721005153
-0.449622166,-0.306624355,-0.305430464,0.114795918,-0.535229992,-0.434670116,0.041302621,0.075692308,-0.064967651
-0.449622166,-0.306624355,-0.536953642,-0.163903061,-0.302844988,-0.547736093,-0.652899126,-0.462153846,0.329732763
0.375944584,-0.653312178,0.157615894,-0.163903061,-0.302844988,-0.095472186,-0.305798253,-0.103589744,0.771730692
-0.174433249,-0.653312178,-0.305430464,-0.442602041,-0.302844988,-0.547736093,-0.305798253,0.43425641,0.373712099
0.651133501,-0.653312178,0.389139073,-0.163903061,-0.302844988,-0.208538163,-0.305798253,-0.103589744,0.214336061
0.375944584,0.040063467,0.157615894,-0.163903061,0.16192502,0.582923674,0.735504369,0.075692308,-0.754400886
0.375944584,-1,0.157615894,0.114795918,0.16192502,-0.208538163,-0.305798253,-0.103589744,-0.278865542
0.100755668,-1,-0.073907285,-0.163903061,0.16192502,0.01759379,-0.305798253,0.075692308,0.795993639
0.375944584,-1,0.157615894,-0.163903061,0.859080032,0.130659767,0.041302621,-0.282871795,0.537281908
0.100755668,1.426814756,0.620662252,-0.442602041,0.16192502,-0.095472186,-0.305798253,-0.282871795,0.640135552
0.100755668,0.733439111,0.157615894,-0.442602041,0.859080032,0.809055627,1.429706116,1.151384615,-0.004417253
0.100755668,-0.653312178,-0.073907285,-0.163903061,0.16192502,0.243725744,0.041302621,-0.282871795,-0.017756561
-0.724811083,-0.306624355,-0.305430464,-0.163903061,-0.302844988,-0.095472186,0.735504369,0.254974359,0.025888408
0.100755668,0.733439111,0.157615894,-0.442602041,0.859080032,-0.095472186,0.388403495,-0.282871795,0.427229431
0.651133501,-0.306624355,0.389139073,-0.163903061,-0.302844988,-0.095472186,0.041302621,0.254974359,0.227887891
0.100755668,0.040063467,-0.073907285,0.114795918,-0.302844988,-0.208538163,-0.305798253,-0.462153846,-0.168307262
0.100755668,1.080126934,0.389139073,-0.163903061,-0.302844988,-0.095472186,-0.305798253,-0.462153846,1.165036961
0.375944584,0.386751289,0.157615894,-0.163903061,-0.070459984,0.243725744,0.041302621,-0.103589744,1.448126401
1.201511335,-0.306624355,0.85218543,0.114795918,1.091465036,0.243725744,-0.305798253,-0.282871795,1.1756404
-0.174433249,0.386751289,-0.073907285,-0.163903061,0.16192502,0.130659767,-0.652899126,-0.641435897,0.306725113
0.375944584,1.080126934,0.389139073,0.114795918,0.16192502,0.469857697,-0.305798253,-0.641435897,-0.8526513
0.651133501,-0.306624355,0.389139073,-0.163903061,0.394310024,0.922121604,-0.305798253,-0.103589744,0.149039335
0.375944584,0.733439111,0.389139073,-0.72130102,1.556235044,1.261319534,-0.305798253,-0.282871795,2.002439461
0.375944584,0.733439111,0.157615894,-0.442602041,0.859080032,0.695989651,-0.652899126,-0.641435897,1.569238532
0.100755668,1.773502578,0.85218543,-0.442602041,1.32385004,2.165847348,-0.652899126,-0.641435897,1.990123093
1.476700252,1.426814756,1.083708609,-0.163903061,1.091465036,1.487451488,-0.305798253,-0.641435897,1.946914504
0.375944584,-0.653312178,0.157615894,0.114795918,0.626695028,0.582923674,-0.305798253,-0.462153846,1.82625717
0.926322418,0.040063467,0.620662252,-0.442602041,0.859080032,1.261319534,0.041302621,-0.462153846,1.731129416
0.926322418,1.773502578,0.85218543,-0.442602041,1.556235044,1.035187581,-0.305798253,-0.641435897,2.069596465
0.926322418,1.773502578,0.85218543,0.114795918,1.32385004,3.296507115,0.041302621,-0.462153846,2.309733759
0.926322418,1.080126934,0.620662252,0.114795918,0.16192502,0.243725744,-0.652899126,-0.820717949,1.55048841
0.926322418,-0.653312178,0.620662252,-0.163903061,0.626695028,0.243725744,-0.305798253,-0.282871795,1.505219772
0.651133501,0.386751289,0.389139073,0.114795918,0.859080032,0.356791721,-0.652899126,-0.103589744,1.571574859
0.375944584,-0.306624355,0.157615894,-0.163903061,0.16192502,0.130659767,0.735504369,-0.103589744,1.146473858
0.375944584,0.040063467,0.157615894,-0.163903061,0.626695028,0.130659767,-0.305798253,-0.462153846,0.464997453
0.100755668,0.040063467,-0.073907285,-0.163903061,0.394310024,-0.095472186,-0.305798253,-0.462153846,-0.903911646
0.926322418,0.733439111,0.620662252,-0.442602041,0.16192502,0.01759379,0.041302621,-0.462153846,0.006363288
0.651133501,0.040063467,0.389139073,0.114795918,1.091465036,0.01759379,0.735504369,-0.103589744,1.358996022
0.651133501,0.040063467,0.389139073,0.114795918,0.626695028,0.01759379,-0.652899126,-0.462153846,1.023712555
1.201511335,0.040063467,0.85218543,0.393494898,0.394310024,1.148253558,-0.305798253,-0.641435897,1.689806606
0.651133501,1.080126934,0.389139073,-0.442602041,2.48577506,1.261319534,-0.652899126,-0.641435897,1.68993412
0.100755668,0.386751289,0.157615894,-0.163903061,0.626695028,0.356791721,-0.305798253,-0.462153846,2.015359392
0.100755668,0.733439111,0.157615894,-0.442602041,1.32385004,2.618111255,-0.305798253,-0.462153846,1.807174097
1.201511335,1.080126934,0.85218543,0.114795918,4.112470088,1.487451488,-0.305798253,-0.462153846,2.102475061
1.201511335,1.080126934,0.85218543,0.114795918,0.394310024,0.695989651,-0.305798253,-0.641435897,1.657846106
0.375944584,1.080126934,0.389139073,-0.442602041,0.859080032,2.391979301,-0.305798253,-0.462153846,1.370350373
-0.449622166,-1,-0.536953642,0.114795918,-0.535229992,-0.095472186,0.041302621,-0.282871795,-0.442271
-0.449622166,-0.653312178,-0.305430464,-0.163903061,-0.535229992,0.356791721,0.388403495,-0.103589744,-0.37745174
-0.449622166,0.386751289,-0.073907285,0.114795918,-0.535229992,-0.66080207,1.082605242,0.43425641,-0.387652804
-0.174433249,0.040063467,-0.305430464,0.114795918,-0.302844988,-0.547736093,-0.305798253,-0.282871795,-0.606233267
0.375944584,-0.653312178,0.157615894,0.393494898,-0.767614996,-0.547736093,0.735504369,0.075692308,-0.940991096
0.100755668,-0.653312178,-0.073907285,0.114795918,0.16192502,0.01759379,-0.305798253,-0.103589744,-0.72605893
-0.174433249,-0.653312178,-0.305430464,0.114795918,-0.070459984,0.922121604,0.388403495,0.792820513,-0.741570215
-0.174433249,0.040063467,-0.305430464,0.114795918,-0.070459984,-0.32160414,0.041302621,0.43425641,-0.309458816
-0.174433249,-0.653312178,-0.305430464,0.114795918,-0.535229992,-0.434670116,0.388403495,0.613538462,-0.335329847
0.100755668,-0.653312178,-0.073907285,0.114795918,-0.302844988,-0.32160414,0.388403495,-0.103589744,-0.253338797
0.100755668,-1,-0.073907285,0.393494898,-0.302844988,-0.547736093,0.388403495,-0.103589744,-0.254309314
-1,0.386751289,-0.073907285,0.114795918,-0.302844988,-0.32160414,0.388403495,0.075692308,-0.424756341
-0.449622166,0.040063467,-0.305430464,-0.163903061,-0.535229992,-0.434670116,0.041302621,0.43425641,-0.401203217
-0.449622166,-0.306624355,-0.305430464,0.114795918,-0.070459984,-0.434670116,0.041302621,-0.103589744,-0.40198955
-0.449622166,-0.306624355,-0.536953642,0.672193878,-0.535229992,-0.66080207,0.388403495,0.792820513,-0.460023685
-0.724811083,-0.306624355,-0.305430464,-0.163903061,-0.302844988,0.243725744,-0.305798253,-0.103589744,-0.57928829
0.651133501,-0.306624355,0.389139073,0.114795918,-0.302844988,-0.66080207,0.041302621,0.43425641,-0.344213274
0.375944584,-0.306624355,0.157615894,-0.163903061,-0.070459984,1.148253558,-0.652899126,-0.462153846,-0.316854587
-0.174433249,0.040063467,-0.305430464,0.114795918,0.16192502,-0.434670116,0.041302621,1.330666667,-0.188604545
-0.724811083,0.386751289,-0.073907285,0.114795918,-0.535229992,-0.32160414,0.735504369,-0.103589744,-0.669647047
-0.174433249,0.386751289,-0.073907285,0.393494898,-0.535229992,-0.773868047,0.735504369,0.254974359,-0.319220667
0.100755668,-0.653312178,-0.073907285,0.393494898,-0.535229992,-0.32160414,0.041302621,0.254974359,-0.330597687
0.100755668,0.040063467,-0.073907285,0.114795918,-0.535229992,0.695989651,-0.305798253,-0.103589744,-0.372325706
0.375944584,-0.306624355,0.157615894,0.114795918,-0.070459984,-0.547736093,-0.305798253,0.43425641,-0.15610849
-0.449622166,-0.306624355,-0.305430464,0.114795918,-0.302844988,-0.547736093,-0.305798253,0.43425641,-0.404110521
-0.174433249,0.733439111,0.157615894,0.114795918,-0.070459984,-0.547736093,-0.305798253,-0.103589744,-0.431919754
-0.174433249,-0.306624355,-0.305430464,0.114795918,-0.070459984,-0.32160414,-0.305798253,-0.282871795,-0.456668669
0.100755668,-0.653312178,0.157615894,-0.163903061,-0.302844988,0.130659767,0.041302621,-0.462153846,0.040440509
0.651133501,-0.306624355,0.389139073,0.114795918,-0.070459984,-0.32160414,0.041302621,-0.103589744,-0.056684954
0.100755668,0.733439111,0.157615894,0.393494898,0.16192502,-0.095472186,-0.305798253,-0.462153846,-0.052642782
-0.174433249,-0.653312178,-0.305430464,0.393494898,-0.535229992,-0.32160414,0.041302621,0.254974359,-0.441491753
-1,0.040063467,-0.305430464,0.114795918,0.16192502,-0.434670116,-0.305798253,0.075692308,-0.977330969
-0.174433249,-0.306624355,-0.305430464,0.114795918,-0.302844988,0.243725744,0.041302621,0.792820513,-0.905798842
-0.449622166,-0.653312178,-0.305430464,-0.163903061,0.16192502,-0.434670116,0.388403495,-0.103589744,-0.726413134
-0.449622166,0.040063467,-0.305430464,0.393494898,-0.070459984,-0.434670116,0.735504369,-0.103589744,-0.307441272
-0.449622166,0.040063467,-0.305430464,0.114795918,-0.070459984,-0.32160414,0.388403495,0.972102564,-0.36092035
-0.174433249,-0.653312178,-0.305430464,0.393494898,-0.302844988,-0.32160414,0.735504369,0.43425641,-0.380852095
0.100755668,0.040063467,-0.073907285,0.114795918,0.626695028,-0.208538163,-0.652899126,-0.820717949,-0.967413268
-0.724811083,0.386751289,-0.073907285,0.672193878,-0.070459984,-0.547736093,1.082605242,0.613538462,-0.181207357
-0.449622166,0.040063467,-0.305430464,-0.163903061,-0.070459984,-0.32160414,-0.305798253,-0.103589744,-0.978747784
-0.174433249,-0.653312178,-0.305430464,0.672193878,-0.535229992,-0.66080207,0.388403495,1.151384615,-0.433057456
-0.174433249,-0.306624355,-0.305430464,1.229591837,-0.302844988,0.01759379,0.041302621,1.689230769,-0.346916556
0.100755668,-0.653312178,-0.073907285,0.114795918,-0.535229992,-0.547736093,0.388403495,0.613538462,-0.50584063
-0.724811083,-0.306624355,-0.536953642,0.393494898,-0.535229992,0.243725744,0.041302621,0.075692308,-0.139993642
-0.174433249,0.386751289,-0.073907285,0.114795918,-0.535229992,0.243725744,0.041302621,-0.282871795,-0.161245859
0.100755668,-0.306624355,-0.073907285,-0.163903061,-0.302844988,-0.208538163,-0.305798253,-0.282871795,-0.20658392
0.100755668,1.080126934,0.389139073,-0.442602041,-0.070459984,0.356791721,0.041302621,-0.103589744,-0.233503395
0.100755668,0.040063467,-0.073907285,-0.163903061,-0.302844988,-0.32160414,-0.305798253,0.43425641,-0.577080893
-0.174433249,-1,-0.305430464,0.114795918,-0.302844988,0.01759379,0.388403495,-0.103589744,0.160371016
-0.174433249,0.040063467,-0.305430464,0.114795918,-0.070459984,-0.208538163,0.041302621,0.075692308,0.194374563
-0.174433249,-0.653312178,-0.305430464,0.114795918,-0.070459984,-0.32160414,0.388403495,-0.282871795,0.027898867
0.100755668,-0.306624355,-0.073907285,-0.163903061,-0.302844988,0.695989651,0.041302621,0.075692308,0.53490591
0.651133501,-1,0.389139073,0.114795918,-0.535229992,-0.434670116,0.041302621,-0.103589744,0.225119436
0.375944584,0.386751289,0.157615894,-0.442602041,-0.302844988,-0.434670116,-0.305798253,-0.282871795,-0.072935815
0.100755668,-0.306624355,-0.073907285,0.393494898,0.16192502,-0.208538163,0.041302621,0.613538462,0.659562911
0.651133501,-0.306624355,0.389139073,0.672193878,0.16192502,-0.208538163,-0.305798253,-0.282871795,0.649615457
-0.449622166,-0.653312178,-0.305430464,-0.163903061,-0.070459984,-0.434670116,-0.305798253,-0.462153846,0.24724441
0.375944584,-0.653312178,0.157615894,-0.442602041,-0.070459984,1.148253558,-0.305798253,-0.282871795,0.215456761
0.100755668,-0.306624355,-0.073907285,-0.163903061,-0.302844988,-0.095472186,-0.305798253,-0.103589744,0.641379515
0.100755668,0.733439111,0.157615894,-0.72130102,0.859080032,0.582923674,-0.652899126,-0.641435897,0.362550435
-0.449622166,0.386751289,-0.073907285,0.114795918,-0.070459984,-0.208538163,0.041302621,0.43425641,-0.13290957
0.100755668,-0.306624355,-0.073907285,-0.163903061,0.16192502,-0.095472186,0.041302621,-0.462153846,-0.88807166
-0.174433249,0.386751289,-0.073907285,0.672193878,0.626695028,-0.208538163,0.041302621,0.254974359,-0.250505168
-0.449622166,0.040063467,-0.073907285,0.114795918,0.626695028,0.243725744,-0.305798253,0.254974359,0.20004182
-0.174433249,-0.306624355,-0.305430464,-0.163903061,-0.070459984,0.695989651,-0.652899126,-0.282871795,0.408313541
0.375944584,0.386751289,0.157615894,0.114795918,-0.070459984,0.01759379,0.041302621,-0.462153846,0.190683761
0.926322418,0.040063467,0.620662252,0.114795918,-0.070459984,-0.434670116,0.041302621,-0.282871795,0.535585981
0.100755668,0.386751289,-0.073907285,0.393494898,-0.070459984,-0.434670116,-0.305798253,-0.282871795,0.230078286
0.100755668,-0.653312178,0.157615894,-0.163903061,-0.070459984,-0.208538163,0.388403495,-0.282871795,0.197454717
-1,0.386751289,-0.073907285,-0.163903061,-0.070459984,0.130659767,-0.305798253,-0.462153846,0.2717638
0.651133501,0.386751289,0.389139073,0.950892857,-0.070459984,-0.434670116,0.041302621,-0.282871795,0.309290964
-0.174433249,-0.306624355,-0.305430464,0.114795918,-0.535229992,-0.66080207,0.388403495,-0.103589744,-0.221347127
0.100755668,-0.306624355,-0.073907285,0.114795918,-0.302844988,-0.208538163,0.041302621,0.613538462,-0.571413636
-0.449622166,-0.306624355,-0.536953642,0.114795918,-0.302844988,-0.32160414,0.041302621,0.43425641,-0.576978883
-0.724811083,0.040063467,-0.305430464,-0.442602041,-0.535229992,-0.095472186,1.082605242,0.075692308,-0.631727426
-0.174433249,-0.306624355,-0.305430464,0.393494898,-0.302844988,-0.434670116,0.041302621,1.151384615,-0.810146867
-0.724811083,-0.306624355,-0.536953642,0.114795918,-0.302844988,0.01759379,0.041302621,-0.282871795,-0.975914155
0.100755668,0.733439111,0.157615894,-0.163903061,0.626695028,-0.208538163,0.041302621,0.613538462,-0.724959482
-0.174433249,0.040063467,-0.305430464,0.114795918,-0.767614996,-0.547736093,0.388403495,-0.282871795,-0.769625974
-0.174433249,-0.306624355,-0.305430464,-0.163903061,-0.302844988,-0.434670116,0.041302621,0.792820513,-0.472304633
-0.174433249,-0.653312178,-0.305430464,-0.163903061,-0.535229992,-0.66080207,0.041302621,0.254974359,-0.489663443
0.100755668,0.386751289,-0.073907285,-0.163903061,-0.302844988,-0.547736093,0.388403495,0.43425641,-0.54236894
-0.174433249,-0.306624355,-0.305430464,1.229591837,-0.535229992,-0.32160414,-0.305798253,0.254974359,-0.537420007
0.100755668,0.040063467,-0.073907285,0.114795918,-0.535229992,-0.434670116,0.041302621,0.075692308,-0.555175525
-0.449622166,-1,-0.305430464,0.950892857,-0.767614996,-0.434670116,0.735504369,-0.103589744,-0.579366215
-0.449622166,-0.653312178,-0.536953642,-0.163903061,-0.302844988,-0.32160414,0.735504369,1.151384615,-0.6217318
0.100755668,0.733439111,0.157615894,0.114795918,0.16192502,0.01759379,-0.305798253,-0.462153846,-0.534920746
-1,-0.653312178,-0.536953642,-0.163903061,-0.767614996,-0.773868047,1.429706116,1.689230769,-0.648730616
-0.724811083,-0.653312178,-0.536953642,0.114795918,-0.535229992,-0.32160414,-0.305798253,-0.103589744,-0.591957445
0.100755668,-0.653312178,-0.073907285,0.114795918,-0.302844988,-0.208538163,0.388403495,0.075692308,-0.361402067
0.100755668,-0.653312178,-0.073907285,0.393494898,-0.302844988,-0.434670116,1.082605242,0.075692308,-0.505531765
-0.174433249,0.733439111,0.157615894,0.114795918,-0.070459984,-0.434670116,0.735504369,0.43425641,-0.5678716
-0.174433249,-0.306624355,-0.073907285,-0.163903061,-0.535229992,-0.434670116,-0.305798253,0.43425641,-0.993624335
-0.174433249,-0.653312178,-0.305430464,-0.442602041,0.394310024,0.130659767,-0.305798253,-0.462153846,-0.985508822
-0.449622166,0.386751289,-0.073907285,0.672193878,-0.070459984,-0.434670116,0.041302621,-0.282871795,-0.383383942
-0.174433249,0.040063467,-0.305430464,0.114795918,-0.535229992,0.01759379,0.388403495,0.792820513,-0.448859188
-0.174433249,-0.306624355,-0.305430464,0.950892857,0.16192502,-0.32160414,0.041302621,0.254974359,-0.351807399
0.100755668,-0.306624355,-0.073907285,0.114795918,-0.302844988,-0.32160414,0.041302621,0.254974359,-0.294426415
0.100755668,-0.653312178,-0.073907285,0.114795918,-0.302844988,0.130659767,-0.305798253,-0.282871795,-0.050493475
0.375944584,-1,0.157615894,0.393494898,-0.535229992,-0.434670116,0.041302621,-0.282871795,-0.389076703
0.100755668,-1,-0.073907285,-0.163903061,0.16192502,-0.434670116,-0.305798253,0.43425641,-0.339219003
-0.174433249,-1,-0.305430464,-0.163903061,-0.302844988,-0.66080207,0.041302621,-0.103589744,-0.417700605
0.100755668,-1,-0.073907285,-0.163903061,-0.767614996,-0.66080207,0.735504369,0.792820513,-0.559097268
-0.174433249,-0.653312178,-0.305430464,-0.163903061,-0.535229992,-0.66080207,0.041302621,0.43425641,-0.605558863
0.651133501,-1,0.389139073,0.393494898,-0.535229992,-0.66080207,-0.305798253,-0.282871795,-0.572688769
-0.174433249,-0.653312178,-0.305430464,-0.163903061,-0.535229992,-0.095472186,0.041302621,0.075692308,-0.440409306
0.100755668,-0.306624355,-0.073907285,-0.442602041,0.16192502,0.356791721,-0.305798253,0.254974359,-0.610021829
0.100755668,-0.653312178,-0.073907285,-0.442602041,-0.302844988,0.469857697,0.041302621,0.075692308,-0.968830083
-0.724811083,0.040063467,-0.305430464,0.114795918,0.859080032,-0.095472186,0.388403495,-0.103589744,-0.970955304
-0.174433249,-0.653312178,-0.305430464,0.393494898,0.394310024,-0.095472186,-0.305798253,-0.103589744,-0.661381352
-0.174433249,0.040063467,-0.305430464,0.393494898,0.16192502,0.130659767,0.388403495,-0.103589744,-0.328191936
0.375944584,-0.306624355,0.157615894,0.114795918,-0.302844988,-0.434670116,0.388403495,0.254974359,-0.472204039
0.375944584,-0.653312178,0.157615894,0.393494898,0.16192502,-0.095472186,-0.305798253,-0.282871795,-0.238462245
-0.174433249,-0.653312178,-0.305430464,0.393494898,-0.535229992,-0.434670116,0.388403495,0.792820513,-0.393477328
0.100755668,0.040063467,-0.073907285,-0.442602041,-0.302844988,-0.32160414,-0.305798253,-0.282871795,-0.496748932
0.100755668,0.040063467,-0.073907285,0.114795918,0.626695028,1.035187581,0.041302621,0.792820513,-0.324584727
0.100755668,-0.306624355,-0.073907285,-0.163903061,0.16192502,0.01759379,0.041302621,-0.462153846,-0.346668613
0.375944584,0.040063467,0.157615894,0.114795918,-0.302844988,0.243725744,-0.305798253,0.075692308,-0.457310486
0.100755668,0.386751289,-0.073907285,-0.442602041,-0.070459984,-0.32160414,-0.652899126,0.254974359,-0.15742046
-0.174433249,0.040063467,-0.305430464,-0.163903061,-0.302844988,-0.434670116,0.041302621,0.075692308,-0.14955714
-0.174433249,0.386751289,-0.073907285,0.114795918,-0.302844988,-0.434670116,0.041302621,-0.103589744,-0.064097727
-0.174433249,0.040063467,-0.305430464,0.114795918,-0.302844988,-0.32160414,-0.305798253,0.075692308,-0.156357849
-0.174433249,0.386751289,-0.073907285,0.393494898,0.626695028,0.243725744,-0.305798253,-0.103589744,-0.734867266
0.100755668,0.386751289,-0.073907285,-0.442602041,0.16192502,0.356791721,-0.652899126,-0.462153846,-0.554411862
0.375944584,0.040063467,0.157615894,-0.163903061,-0.070459984,-0.208538163,0.388403495,-0.103589744,-0.492601916
-0.724811083,-0.653312178,-0.073907285,0.114795918,0.394310024,0.130659767,0.388403495,-0.282871795,0.364392294
0.100755668,0.386751289,-0.073907285,0.114795918,0.626695028,-0.095472186,0.041302621,0.792820513,0.199333413
0.375944584,0.040063467,0.157615894,0.393494898,-0.070459984,-0.547736093,0.735504369,0.254974359,0.265215284
-0.174433249,0.040063467,-0.305430464,0.114795918,-0.302844988,-0.095472186,0.041302621,-0.103589744,-0.04152504
0.100755668,0.733439111,0.157615894,0.114795918,-0.535229992,-0.434670116,-0.305798253,-0.462153846,-0.049034156
-0.174433249,0.733439111,0.157615894,0.114795918,0.16192502,-0.208538163,0.041302621,-0.103589744,0.262173383
0.100755668,0.733439111,0.157615894,0.114795918,0.626695028,0.695989651,-0.305798253,-0.462153846,0.186189626
0.375944584,-0.653312178,0.157615894,0.114795918,0.16192502,0.469857697,-0.305798253,-0.282871795,0.438868561
1.201511335,0.386751289,0.85218543,-0.163903061,0.16192502,-0.208538163,0.041302621,-0.282871795,0.008888051
-0.174433249,-0.306624355,-0.305430464,-0.163903061,-0.070459984,0.243725744,-0.305798253,0.075692308,0.060946064
-0.449622166,-0.306624355,-0.305430464,0.114795918,-0.302844988,-0.32160414,0.041302621,0.075692308,-0.018856009
-0.724811083,0.386751289,-0.073907285,-0.442602041,-0.070459984,-0.208538163,0.041302621,0.43425641,-0.164787895
0.100755668,-1,-0.073907285,-0.163903061,-0.302844988,0.243725744,-0.305798253,-0.282871795,-0.349682178
-0.174433249,-0.653312178,-0.305430464,0.393494898,-0.302844988,-0.547736093,0.388403495,0.43425641,-0.895366838
-0.174433249,-0.653312178,-0.305430464,0.393494898,-0.535229992,-0.32160414,0.041302621,1.330666667,-0.951828309
0.100755668,-0.653312178,-0.073907285,-0.163903061,-0.302844988,-0.434670116,0.041302621,-0.103589744,-0.550869826
-0.174433249,-0.306624355,-0.305430464,0.393494898,-0.070459984,-0.208538163,0.388403495,0.075692308,0.129109006
0.375944584,-0.306624355,0.157615894,0.393494898,-0.070459984,-0.208538163,0.735504369,-0.103589744,-0.950411495
-0.724811083,-0.653312178,-0.536953642,0.114795918,-0.302844988,-0.32160414,1.082605242,0.792820513,0.107240475
0.100755668,-0.306624355,-0.073907285,0.114795918,-0.302844988,-0.66080207,-0.305798253,0.254974359,-0.015603003
0.651133501,-0.306624355,0.389139073,0.393494898,-0.535229992,-0.547736093,1.082605242,0.075692308,0.024813046
0.100755668,-0.306624355,-0.073907285,-0.163903061,0.16192502,0.356791721,-0.305798253,-0.282871795,-0.06051602
-0.449622166,-1,-0.305430464,0.393494898,-0.535229992,-0.32160414,0.735504369,1.151384615,0.054914685
-1,-0.653312178,-0.536953642,0.393494898,-0.767614996,-0.66080207,-0.305798253,0.075692308,-0.227156066
-0.724811083,0.386751289,-0.073907285,-0.163903061,0.394310024,-0.095472186,0.041302621,-0.103589744,-0.278210974
1.201511335,0.040063467,0.85218543,-0.163903061,-0.302844988,-0.095472186,0.735504369,0.254974359,-0.160523283
0.651133501,0.386751289,0.389139073,0.114795918,-0.070459984,2.391979301,-0.305798253,-0.641435897,-0.107007369
0.100755668,1.080126934,0.389139073,0.393494898,-0.070459984,-0.32160414,0.041302621,-0.462153846,0.07350329
0.100755668,0.386751289,0.389139073,-0.163903061,-0.302844988,0.01759379,0.041302621,-0.282871795,-0.232416698
-0.174433249,1.080126934,0.389139073,-0.163903061,0.394310024,0.356791721,0.041302621,-0.282871795,-0.796293255
0.926322418,-0.653312178,0.620662252,0.114795918,-0.070459984,-0.095472186,-0.305798253,-0.462153846,-0.477942137
-0.724811083,1.080126934,0.389139073,0.114795918,-0.302844988,-0.32160414,0.041302621,0.075692308,0.321774516
-0.174433249,1.080126934,0.389139073,0.114795918,0.16192502,1.487451488,0.388403495,-0.282871795,0.334299156
-0.449622166,0.386751289,-0.073907285,0.672193878,-0.535229992,-0.095472186,0.388403495,0.254974359,-0.038128935
-0.449622166,-0.306624355,-0.305430464,0.393494898,-0.302844988,-0.434670116,0.388403495,0.613538462,-0.016060634
0.100755668,0.040063467,-0.073907285,0.393494898,-0.535229992,-0.66080207,0.041302621,1.330666667,-0.021129996
-1,-1,-0.536953642,0.950892857,-0.535229992,-0.547736093,0.041302621,-0.103589744,-0.020751706
0.100755668,-0.653312178,-0.073907285,0.672193878,0.16192502,-0.434670116,0.041302621,0.613538462,-0.014752914
0.100755668,-0.653312178,-0.073907285,0.672193878,-0.535229992,-0.66080207,0.735504369,-0.103589744,0.042701745
-0.174433249,0.040063467,-0.305430464,0.672193878,-0.302844988,-0.208538163,1.082605242,0.254974359,-0.192735976
0.375944584,0.386751289,0.157615894,0.114795918,-0.535229992,-0.434670116,-0.305798253,0.254974359,-0.667465153
-0.449622166,-1,-0.536953642,-0.442602041,-0.535229992,-0.434670116,-0.305798253,-0.103589744,-0.532285472
0.100755668,-0.653312178,-0.073907285,0.114795918,-0.302844988,-0.66080207,0.388403495,0.075692308,-0.444887857
0.375944584,-0.653312178,0.157615894,0.114795918,0.16192502,-0.434670116,0.388403495,-0.282871795,-0.429471499
-0.449622166,-0.306624355,-0.536953642,0.393494898,-0.535229992,-0.66080207,0.388403495,0.792820513,-0.468489151
-0.724811083,-0.306624355,-0.536953642,-0.442602041,-0.070459984,-0.434670116,0.041302621,0.254974359,-0.937376802
0.100755668,0.386751289,-0.073907285,-0.442602041,-0.302844988,-0.208538163,0.041302621,-0.103589744,-0.685325516
0.100755668,1.426814756,0.620662252,-0.163903061,0.394310024,-0.095472186,-0.652899126,-0.820717949,-0.262582094
-0.449622166,0.040063467,-0.073907285,0.114795918,-0.070459984,-0.095472186,0.041302621,1.151384615,-0.221626239
-0.174433249,-0.306624355,-0.305430464,-0.163903061,-0.302844988,-0.66080207,0.388403495,0.43425641,-0.28839787
-0.174433249,0.040063467,-0.305430464,0.114795918,-0.070459984,-0.434670116,0.041302621,-0.462153846,-0.334882134
-0.449622166,0.733439111,0.157615894,0.393494898,-0.535229992,-0.773868047,0.388403495,0.254974359,-0.332239775
0.100755668,-0.306624355,-0.073907285,0.393494898,-0.070459984,0.01759379,-0.305798253,-0.462153846,-0.304431958
0.100755668,-0.653312178,-0.073907285,-0.163903061,0.859080032,0.695989651,-0.305798253,-0.103589744,-0.266663936
0.651133501,0.040063467,0.389139073,0.114795918,-0.302844988,-0.095472186,0.388403495,-0.103589744,-0.048148647
-0.724811083,0.040063467,-0.305430464,0.393494898,-0.302844988,-0.66080207,0.041302621,0.254974359,-0.490388852
0.100755668,0.386751289,-0.073907285,-0.163903061,-0.302844988,-0.095472186,0.041302621,-0.462153846,0.592551839
0.100755668,0.040063467,-0.073907285,-0.163903061,-0.535229992,-0.208538163,-0.305798253,0.075692308,0.679834692
-0.174433249,-0.306624355,-0.305430464,-0.163903061,-0.535229992,0.356791721,0.041302621,-0.282871795,0.53253558
0.100755668,0.386751289,-0.073907285,-0.163903061,-0.070459984,0.130659767,0.041302621,-0.462153846,0.679107866
-0.174433249,-1,-0.305430464,-0.163903061,0.394310024,0.130659767,-0.652899126,0.792820513,0.340942598
0.100755668,1.773502578,0.85218543,-0.163903061,0.394310024,0.356791721,-0.305798253,-0.462153846,-0.847890803
0.375944584,2.120190401,1.083708609,0.114795918,-0.070459984,0.243725744,0.041302621,-0.282871795,-0.238728606
0.100755668,0.040063467,-0.073907285,0.114795918,-0.070459984,-0.208538163,0.041302621,-0.103589744,0.77333736
-0.174433249,0.386751289,-0.073907285,-0.442602041,-0.070459984,0.01759379,-0.305798253,-0.641435897,0.562862493
0.100755668,0.040063467,0.157615894,0.393494898,0.16192502,-0.434670116,1.082605242,0.254974359,0.782385137
0.375944584,2.466878223,1.315231788,-0.163903061,0.16192502,-0.208538163,0.041302621,-0.462153846,1.01391245
-0.724811083,0.733439111,0.157615894,0.114795918,0.16192502,-0.095472186,0.041302621,0.254974359,0.924692812
-0.174433249,-0.653312178,-0.073907285,0.393494898,-0.070459984,-0.208538163,-0.305798253,-0.282871795,0.981776265
-0.724811083,0.386751289,-0.073907285,0.393494898,-0.302844988,-0.434670116,-0.305798253,0.075692308,0.77618374
0.100755668,0.733439111,0.157615894,-0.163903061,0.394310024,-0.32160414,-0.305798253,0.254974359,0.822490903
0.100755668,0.733439111,0.157615894,-0.163903061,0.16192502,0.356791721,0.041302621,-0.103589744,0.547993025
0.651133501,-0.306624355,0.389139073,0.114795918,0.394310024,0.01759379,-0.652899126,-0.103589744,-0.228792487
0.651133501,0.040063467,0.389139073,-0.163903061,-0.302844988,-0.434670116,0.041302621,-0.103589744,0.001344931
0.100755668,-0.653312178,-0.073907285,0.114795918,-0.535229992,-0.547736093,0.041302621,1.151384615,-0.097581302
0.651133501,-0.306624355,0.389139073,-0.72130102,-0.302844988,0.243725744,-0.305798253,0.075692308,0.16487932
-0.449622166,-1,-0.305430464,0.114795918,-0.535229992,-0.095472186,0.041302621,1.689230769,0.029572125
0.100755668,0.386751289,-0.073907285,0.393494898,-0.302844988,0.243725744,0.735504369,0.43425641,-0.934395825
-0.449622166,0.040063467,-0.305430464,-0.163903061,-0.302844988,-0.32160414,0.041302621,0.075692308,-0.428758841
0.926322418,-0.306624355,0.620662252,0.114795918,-0.070459984,-0.208538163,0.041302621,-0.462153846,0.404082933
-0.449622166,0.386751289,-0.073907285,0.114795918,-0.535229992,-0.66080207,0.735504369,1.151384615,0.222722186
0.100755668,0.386751289,0.157615894,-0.442602041,-0.070459984,0.130659767,0.041302621,-0.462153846,0.102206534
-0.174433249,0.386751289,-0.073907285,0.672193878,-0.535229992,-0.547736093,1.429706116,0.254974359,0.509020711
-0.449622166,0.733439111,0.157615894,-0.442602041,-0.070459984,1.374385511,-0.305798253,-0.462153846,-0.036066054
0.375944584,-0.653312178,0.157615894,0.114795918,-0.302844988,-0.547736093,0.388403495,0.43425641,0.249800343
-0.724811083,-0.306624355,-0.305430464,0.393494898,-0.535229992,-0.434670116,0.041302621,0.254974359,0.208741061
-0.174433249,0.386751289,-0.073907285,0.393494898,-0.070459984,-0.095472186,0.735504369,0.254974359,0.305170868
-0.174433249,-1,-0.305430464,-0.163903061,-0.302844988,-0.434670116,-0.305798253,-0.641435897,-0.052005216
-0.174433249,0.386751289,-0.073907285,0.672193878,-0.535229992,-0.434670116,-0.305798253,0.075692308,0.053310851
0.100755668,-0.306624355,-0.073907285,-0.163903061,-0.535229992,0.695989651,0.041302621,-0.462153846,0.09897478
-0.174433249,-0.653312178,-0.305430464,0.672193878,-0.535229992,-0.32160414,0.041302621,0.075692308,0.140552616
-0.724811083,1.080126934,0.389139073,-0.163903061,-0.070459984,-0.547736093,-0.305798253,-0.282871795,0.192059488
-0.174433249,-0.306624355,-0.305430464,-0.442602041,0.394310024,0.809055627,-0.305798253,-0.462153846,0.574160171
0.100755668,-0.653312178,-0.073907285,-0.163903061,-0.070459984,-0.208538163,0.041302621,1.330666667,-0.934826536
0.926322418,0.733439111,0.620662252,-0.442602041,0.626695028,0.582923674,-0.305798253,0.075692308,0.046824674
-0.724811083,-0.306624355,-0.305430464,-0.163903061,0.394310024,-0.208538163,-0.305798253,-0.462153846,0.790333466
-0.174433249,0.386751289,-0.073907285,0.114795918,0.394310024,-0.208538163,-0.305798253,-0.103589744,0.837673486
0.100755668,0.386751289,-0.073907285,0.672193878,-0.302844988,-0.66080207,-0.305798253,-0.103589744,0.311373681
-0.724811083,-0.653312178,-0.536953642,0.393494898,-0.767614996,-0.095472186,0.388403495,0.075692308,0.291865563
-0.724811083,0.040063467,-0.305430464,0.950892857,-0.535229992,-0.547736093,0.388403495,-0.282871795,0.274529422
0.100755668,0.733439111,0.157615894,0.393494898,-0.767614996,-0.434670116,1.77680699,0.43425641,0.526977417
-0.724811083,0.040063467,-0.305430464,1.229591837,-0.535229992,-0.66080207,0.735504369,0.613538462,0.443582303
-0.724811083,0.040063467,-0.305430464,0.393494898,-0.535229992,-0.66080207,0.041302621,-0.103589744,0.293408474
-0.174433249,0.386751289,-0.073907285,1.229591837,-0.302844988,-0.547736093,0.735504369,0.43425641,0.087515585
0.100755668,-1,-0.073907285,0.393494898,-0.302844988,-0.66080207,-0.305798253,0.792820513,-0.325070694
-0.174433249,-0.653312178,-0.305430464,0.114795918,-0.535229992,-0.208538163,0.041302621,0.254974359,-0.299597788
-0.174433249,-0.306624355,-0.305430464,-0.163903061,-0.535229992,-0.66080207,0.388403495,1.151384615,-0.222593923
-0.449622166,-0.653312178,-0.536953642,0.672193878,-0.767614996,-0.547736093,0.041302621,-0.282871795,0.139141469
-0.174433249,-0.306624355,-0.305430464,-0.163903061,-0.302844988,-0.434670116,-0.305798253,0.254974359,0.061653054
-0.449622166,0.040063467,-0.305430464,-0.163903061,-0.535229992,-0.66080207,0.735504369,1.151384615,-0.92632565
-0.174433249,1.426814756,0.620662252,0.393494898,-0.535229992,-0.66080207,0.735504369,0.075692308,0.144727968
-0.449622166,-1,-0.536953642,0.393494898,-0.535229992,-0.434670116,1.082605242,0.075692308,0.177180103
0.100755668,0.040063467,-0.073907285,0.950892857,-0.302844988,-0.434670116,1.082605242,0.613538462,0.213765085
0.375944584,-0.306624355,0.157615894,-0.442602041,-0.070459984,-0.095472186,-0.305798253,-0.462153846,0.401923708
-1,-0.306624355,-0.305430464,0.393494898,-0.535229992,0.01759379,-0.305798253,0.254974359,0.525098721
-0.174433249,-0.306624355,-0.305430464,-0.442602041,0.394310024,-0.32160414,0.041302621,0.613538462,0.258219054
0.926322418,0.040063467,0.620662252,-0.442602041,-0.070459984,1.035187581,-0.305798253,-0.282871795,0.220186088
0.100755668,0.386751289,0.157615894,0.393494898,-0.302844988,0.356791721,1.082605242,0.075692308,0.515815753
0.375944584,-0.306624355,0.157615894,0.114795918,-0.070459984,-0.434670116,-0.305798253,0.43425641,0.324391372
0.100755668,0.386751289,-0.073907285,0.114795918,0.626695028,0.582923674,-0.652899126,0.075692308,0.94925329
-0.174433249,0.040063467,-0.073907285,-0.442602041,0.16192502,0.01759379,-0.305798253,-0.462153846,0.957045769
0.100755668,-0.306624355,-0.073907285,0.114795918,0.16192502,-0.208538163,-0.305798253,1.151384615,1.123804827
-0.449622166,-0.653312178,-0.305430464,0.393494898,-0.302844988,0.01759379,-0.305798253,0.254974359,0.876712391
-0.724811083,-0.306624355,-0.536953642,-0.442602041,-0.535229992,-0.095472186,0.041302621,-0.103589744,0.548243801
-0.724811083,0.040063467,-0.305430464,-0.163903061,-0.070459984,-0.547736093,0.041302621,-0.103589744,-0.808730052
0.375944584,0.040063467,0.157615894,0.393494898,-0.302844988,-0.547736093,0.041302621,-0.462153846,0.178438234
0.651133501,-1,0.389139073,-0.163903061,0.626695028,-0.095472186,-0.305798253,0.254974359,0.834854026
0.100755668,0.040063467,-0.073907285,0.114795918,0.394310024,0.01759379,0.041302621,-0.282871795,0.846330222
0.375944584,-0.653312178,0.157615894,-0.442602041,0.626695028,0.582923674,-0.652899126,-0.641435897,1.174057818
0.375944584,0.733439111,0.157615894,-0.163903061,0.859080032,1.600517464,-0.652899126,-0.282871795,1.335275715
0.375944584,0.733439111,0.157615894,-0.163903061,0.394310024,0.356791721,-0.305798253,-0.103589744,1.766409512
0.100755668,0.386751289,0.157615894,-0.163903061,0.626695028,-0.095472186,0.041302621,-0.462153846,1.748023511
-0.174433249,0.040063467,-0.073907285,-0.163903061,-0.302844988,-0.434670116,-0.305798253,0.075692308,1.646265065
0.375944584,-0.653312178,0.389139073,0.114795918,1.556235044,0.809055627,-0.305798253,-0.282871795,1.670362245
0.100755668,1.080126934,0.389139073,-0.442602041,-0.070459984,0.01759379,-0.305798253,-0.462153846,1.156679172
0.651133501,0.386751289,0.389139073,0.114795918,0.626695028,1.035187581,-0.652899126,-0.282871795,0.652005623
0.100755668,0.040063467,0.157615894,-0.442602041,0.394310024,1.035187581,-0.305798253,-0.103589744,0.491905592
-0.174433249,1.080126934,0.389139073,-0.442602041,-0.302844988,0.356791721,-0.305798253,-0.641435897,0.645629958
-0.174433249,0.386751289,0.157615894,-0.163903061,0.859080032,0.243725744,-0.305798253,-0.641435897,0.501823293
-0.174433249,0.040063467,-0.073907285,-0.163903061,0.626695028,1.035187581,-0.305798253,-0.641435897,0.333222377
-0.174433249,0.386751289,-0.073907285,-0.163903061,-0.302844988,-0.095472186,-0.305798253,-0.282871795,-0.732222073
0.651133501,0.040063467,0.389139073,0.114795918,0.859080032,0.922121604,-0.305798253,-0.462153846,0.606667561
0.651133501,0.386751289,0.389139073,0.114795918,0.16192502,0.922121604,-0.305798253,-0.641435897,1.115303941
0.926322418,0.386751289,0.620662252,-0.442602041,2.021005052,0.922121604,-0.652899126,-0.462153846,1.098443849
0.651133501,1.426814756,0.620662252,-0.442602041,-0.070459984,-0.095472186,0.041302621,-0.462153846,0.948119838
0.926322418,1.080126934,0.620662252,-0.163903061,1.32385004,0.356791721,-0.652899126,-0.641435897,1.505528638
0.926322418,0.733439111,0.620662252,-0.442602041,1.556235044,1.600517464,-0.652899126,-0.820717949,1.780401971
0.375944584,1.426814756,0.620662252,0.114795918,2.021005052,1.713583441,-0.652899126,-0.462153846,1.5097975
1.201511335,1.080126934,0.85218543,-0.163903061,0.394310024,1.035187581,0.041302621,-0.282871795,1.554516413
0.375944584,-0.306624355,0.157615894,-0.442602041,2.253390056,0.809055627,-0.652899126,-0.820717949,1.768203199
1.201511335,0.733439111,0.85218543,-0.72130102,0.859080032,1.261319534,-0.305798253,-0.462153846,1.09263491
0.375944584,0.040063467,0.157615894,0.114795918,0.394310024,0.695989651,-0.305798253,-0.282871795,-0.163796125
-0.174433249,-0.306624355,-0.305430464,0.114795918,-0.535229992,-0.547736093,0.388403495,0.613538462,-0.23208658
0.651133501,0.386751289,0.389139073,-0.442602041,-0.302844988,0.356791721,0.041302621,0.254974359,-0.474240001
0.375944584,-0.306624355,0.157615894,-0.163903061,-0.302844988,-0.208538163,-0.305798253,-0.282871795,-0.334805626
0.100755668,0.386751289,-0.073907285,-0.163903061,0.394310024,-0.32160414,-0.305798253,-0.282871795,-0.553703455
-0.174433249,-0.306624355,-0.305430464,-0.163903061,-0.070459984,-0.434670116,0.388403495,-0.103589744,-0.784644207
0.100755668,0.733439111,0.157615894,-0.163903061,0.16192502,-0.208538163,0.388403495,-0.282871795,-0.555305872
-0.174433249,0.040063467,0.157615894,-0.163903061,-0.070459984,-0.32160414,-0.305798253,-0.641435897,-0.243004552
0.100755668,0.733439111,0.157615894,-0.163903061,-0.070459984,0.809055627,0.041302621,-0.103589744,-0.296200267
0.100755668,2.466878223,1.315231788,0.114795918,-0.070459984,0.130659767,-0.652899126,-0.462153846,-0.170547245
-0.174433249,0.040063467,-0.305430464,0.672193878,-0.302844988,-0.32160414,0.735504369,-0.103589744,-0.153249358
0.375944584,0.386751289,0.157615894,-0.163903061,0.16192502,0.356791721,-0.305798253,-0.282871795,-0.208906079
-0.449622166,0.733439111,0.157615894,0.393494898,-0.070459984,-0.095472186,0.735504369,0.613538462,-0.122503068
0.100755668,1.080126934,0.389139073,-0.163903061,0.16192502,-0.208538163,-0.305798253,-0.462153846,-0.025248675
0.375944584,1.080126934,0.389139073,-0.163903061,0.394310024,-0.095472186,0.041302621,-0.282871795,-0.076735712
-0.449622166,-0.653312178,-0.305430464,0.114795918,-0.302844988,-0.547736093,0.041302621,0.075692308,-0.296958262
-0.724811083,0.386751289,-0.073907285,-0.163903061,-0.535229992,-0.547736093,0.041302621,0.075692308,-0.611792847
-0.724811083,-0.653312178,-0.536953642,-0.163903061,-0.070459984,-0.095472186,0.041302621,-0.462153846,-0.543785754
-0.724811083,0.040063467,-0.305430464,-0.163903061,-0.070459984,-0.434670116,-0.305798253,-0.103589744,-0.580622929
0.100755668,0.386751289,-0.073907285,-0.442602041,-0.070459984,0.130659767,0.041302621,-0.282871795,-0.465860961
-0.724811083,-0.653312178,-0.305430464,0.114795918,0.16192502,0.01759379,0.388403495,0.43425641,-0.76866254
0.100755668,0.386751289,-0.073907285,0.393494898,-0.535229992,-0.32160414,0.041302621,0.075692308,-0.884529624
-0.174433249,-0.306624355,-0.305430464,0.393494898,-0.302844988,-0.095472186,0.041302621,-0.282871795,-0.82714864
0.100755668,0.040063467,-0.073907285,0.114795918,0.16192502,0.01759379,0.388403495,0.43425641,-0.359795399
-0.449622166,-0.653312178,-0.305430464,-0.163903061,-0.535229992,-0.434670116,0.041302621,-0.462153846,-0.580977133
0.100755668,1.426814756,0.620662252,0.114795918,0.16192502,0.695989651,0.388403495,-0.282871795,-0.586084749
-0.174433249,0.040063467,-0.305430464,0.114795918,-0.070459984,0.130659767,-0.305798253,-0.462153846,-0.45709513
-0.174433249,0.040063467,-0.305430464,0.114795918,0.859080032,0.01759379,-0.305798253,0.254974359,-0.491525137
-0.449622166,-0.306624355,-0.073907285,-0.163903061,-0.302844988,-0.66080207,-0.305798253,-0.282871795,-0.678079927
0.100755668,-0.653312178,-0.073907285,-0.163903061,-0.302844988,-0.547736093,0.388403495,-0.103589744,-0.759447579
-0.449622166,-0.653312178,-0.536953642,0.114795918,-0.302844988,-0.547736093,0.388403495,0.43425641,-0.560810196
-0.174433249,-0.306624355,-0.305430464,0.114795918,-0.302844988,-0.66080207,0.041302621,-0.103589744,-0.625717299
0.375944584,0.040063467,0.157615894,0.114795918,0.16192502,-0.32160414,0.041302621,0.254974359,0.297802016
0.100755668,0.040063467,-0.073907285,-0.163903061,-0.070459984,0.809055627,-0.652899126,-0.641435897,0.255297583
-0.174433249,0.040063467,-0.305430464,0.114795918,0.16192502,-0.434670116,-0.305798253,0.075692308,0.348807335
-0.174433249,0.040063467,-0.305430464,-0.163903061,-0.302844988,-0.547736093,0.041302621,0.075692308,0.054634156
-0.449622166,0.040063467,-0.305430464,-0.163903061,-0.302844988,0.01759379,-0.652899126,-0.103589744,-0.345700929
0.375944584,0.386751289,0.157615894,-0.442602041,0.859080032,0.469857697,0.041302621,-0.282871795,-0.907907062
-0.449622166,-0.306624355,-0.305430464,0.114795918,-0.535229992,-0.208538163,0.388403495,0.613538462,-0.538401859
0.100755668,0.040063467,-0.073907285,-0.163903061,-0.070459984,-0.434670116,0.388403495,-0.103589744,-0.05923522
-0.174433249,0.386751289,-0.073907285,-0.163903061,-0.535229992,-0.434670116,-0.305798253,0.613538462,-0.161245859
-0.449622166,0.040063467,-0.305430464,-0.442602041,0.394310024,0.01759379,0.041302621,-0.462153846,-0.250505168
0.651133501,-0.306624355,0.389139073,0.114795918,-0.302844988,-0.095472186,0.041302621,-0.282871795,0.07819578
0.651133501,0.040063467,0.389139073,0.114795918,0.16192502,0.582923674,-0.305798253,-0.103589744,0.060586193
-0.174433249,-1,-0.305430464,0.114795918,-0.535229992,-0.434670116,-0.305798253,-0.282871795,-0.301554408
0.926322418,0.386751289,0.620662252,-0.163903061,0.394310024,0.130659767,-0.305798253,-0.641435897,-0.054993278
-0.174433249,-0.306624355,-0.305430464,0.393494898,-0.070459984,-0.32160414,-0.305798253,-0.462153846,-0.245267205
-0.174433249,0.386751289,-0.073907285,-0.163903061,0.16192502,0.130659767,-0.305798253,-0.641435897,-0.532309557
-0.174433249,-0.306624355,-0.305430464,-0.442602041,0.16192502,0.243725744,-0.305798253,-0.462153846,0.501049713
0.100755668,0.040063467,-0.073907285,-0.163903061,-0.070459984,-0.208538163,-0.305798253,-0.641435897,1.140416976
0.651133501,0.040063467,0.389139073,0.114795918,-0.070459984,-0.32160414,-0.305798253,0.254974359,0.607961113
0.375944584,0.386751289,0.157615894,-0.442602041,-0.070459984,2.618111255,-0.652899126,-0.462153846,0.734686662
0.375944584,0.386751289,0.157615894,-0.442602041,0.16192502,0.922121604,-0.305798253,-0.641435897,-0.033070908
-0.724811083,0.040063467,-0.073907285,0.114795918,1.32385004,3.635705045,-0.652899126,-0.462153846,-0.633373764
-0.174433249,0.040063467,-0.073907285,-0.442602041,1.556235044,2.391979301,-0.652899126,-0.282871795,-0.255163654
-0.449622166,0.386751289,-0.073907285,-0.163903061,-0.070459984,0.243725744,-0.652899126,-0.462153846,0.753102416
-0.449622166,0.733439111,0.157615894,-0.442602041,0.16192502,0.809055627,-0.652899126,-0.641435897,0.630610308
-0.174433249,0.040063467,-0.073907285,-0.163903061,0.626695028,-0.095472186,-0.305798253,-0.103589744,0.785982429
0.375944584,-0.653312178,0.157615894,0.114795918,0.859080032,-0.095472186,0.735504369,0.43425641,0.296728071
-0.174433249,0.040063467,-0.305430464,-0.163903061,1.32385004,0.130659767,0.041302621,-0.103589744,0.353104533
0.100755668,1.426814756,0.620662252,0.114795918,-0.302844988,-0.095472186,-0.305798253,0.075692308,-0.397758942
0.926322418,0.040063467,0.620662252,-0.163903061,-0.302844988,0.130659767,0.041302621,0.075692308,0.037966751
0.100755668,0.386751289,-0.073907285,-0.163903061,0.16192502,-0.208538163,0.041302621,-0.462153846,0.291688462
0.651133501,0.386751289,0.389139073,0.393494898,1.091465036,0.01759379,0.041302621,-0.282871795,-0.001689885
0.100755668,0.386751289,0.157615894,-0.442602041,-0.302844988,2.957309185,-0.305798253,-0.282871795,0.889774003
-0.174433249,-0.653312178,-0.305430464,-0.163903061,-0.070459984,0.130659767,0.041302621,0.43425641,0.753639389
0.651133501,0.386751289,0.389139073,-0.442602041,-0.070459984,1.035187581,-0.305798253,-0.641435897,0.286804702
0.100755668,0.386751289,-0.073907285,-0.163903061,-0.535229992,-0.547736093,0.388403495,1.151384615,0.247632617
0.100755668,0.040063467,-0.073907285,-0.163903061,0.626695028,0.809055627,-0.305798253,0.075692308,-0.11452782
0.926322418,0.386751289,0.620662252,0.672193878,-0.070459984,0.243725744,0.041302621,-0.462153846,-0.51271218
-1,0.040063467,-0.073907285,-0.163903061,-0.070459984,0.243725744,-0.305798253,-0.282871795,-0.249690499
-0.724811083,-0.306624355,-0.305430464,0.114795918,0.859080032,0.130659767,0.735504369,-0.103589744,0.290433164
0.651133501,1.080126934,0.389139073,-0.442602041,1.091465036,1.261319534,-0.305798253,-0.282871795,0.395720895
-0.449622166,-0.653312178,-0.305430464,0.114795918,-0.070459984,-0.095472186,0.388403495,0.075692308,0.059362065
0.100755668,-0.306624355,-0.073907285,0.114795918,0.16192502,-0.32160414,-0.305798253,-0.462153846,-0.134118113
-0.174433249,-0.306624355,-0.073907285,-0.163903061,0.16192502,-0.32160414,-0.305798253,-0.462153846,0.04837892
0.375944584,-0.306624355,0.157615894,-0.163903061,1.556235044,1.035187581,0.041302621,-0.462153846,-0.226614843
0.100755668,0.040063467,-0.073907285,0.672193878,0.394310024,-0.32160414,-0.305798253,-0.103589744,0.314978057
0.100755668,-0.306624355,0.157615894,0.393494898,0.16192502,0.130659767,-0.305798253,-0.282871795,0.213783503
0.100755668,-0.306624355,-0.073907285,-0.163903061,0.16192502,0.01759379,0.041302621,-0.462153846,-0.206667512
-0.174433249,-0.306624355,-0.073907285,0.114795918,-0.070459984,-0.208538163,0.388403495,-0.282871795,0.5282568
0.651133501,0.386751289,0.389139073,-0.442602041,-0.070459984,0.130659767,-0.305798253,-0.103589744,1.36871962
0.375944584,-0.306624355,0.157615894,0.114795918,0.626695028,0.809055627,-0.652899126,-0.462153846,0.847715867
0.651133501,0.040063467,0.389139073,-0.442602041,1.32385004,0.695989651,-0.305798253,-0.641435897,0.918882456
0.100755668,0.386751289,0.157615894,-0.442602041,-0.302844988,0.695989651,-0.652899126,-0.641435897,0.160875402
-0.174433249,0.040063467,-0.305430464,-0.442602041,0.394310024,0.356791721,-0.652899126,-0.103589744,-0.53805474
-0.174433249,0.386751289,0.157615894,-0.442602041,-0.070459984,0.01759379,-0.305798253,-0.282871795,-0.125288525
0.100755668,0.386751289,-0.073907285,-0.442602041,0.394310024,0.582923674,-0.305798253,-0.282871795,0.671883529
-0.174433249,-0.653312178,-0.073907285,0.114795918,-0.070459984,0.356791721,0.041302621,-0.462153846,0.302294734
0.100755668,-0.653312178,-0.073907285,-0.442602041,0.16192502,0.243725744,-0.652899126,-0.462153846,0.595981947
-0.174433249,-0.653312178,-0.073907285,-0.163903061,0.16192502,-0.208538163,-0.305798253,-0.282871795,0.674498969
0.100755668,-0.306624355,-0.073907285,0.114795918,-0.302844988,0.130659767,0.041302621,-0.462153846,0.28423035
-0.174433249,-1,-0.305430464,-0.163903061,0.16192502,-0.32160414,0.388403495,-0.103589744,0.424230035
-0.449622166,-0.653312178,-0.305430464,0.114795918,-0.535229992,-0.547736093,0.735504369,-0.103589744,-0.013107993
0.375944584,-0.306624355,0.157615894,0.114795918,-0.302844988,0.356791721,-0.305798253,-0.103589744,0.185180854
-0.724811083,0.040063467,-0.305430464,-0.163903061,-0.302844988,-0.32160414,0.388403495,-0.103589744,-0.138477651
-0.449622166,-0.653312178,-0.305430464,0.393494898,-0.535229992,0.130659767,-0.305798253,-0.282871795,-0.596114378
-0.174433249,-0.306624355,-0.305430464,0.114795918,-0.070459984,-0.32160414,0.041302621,-0.282871795,-0.628433332
-0.174433249,0.040063467,-0.305430464,-0.163903061,-0.535229992,-0.434670116,0.041302621,0.43425641,-0.59369871
-0.449622166,-0.653312178,-0.536953642,-0.163903061,-0.535229992,-0.32160414,0.735504369,-0.103589744,-0.670397959
0.100755668,-0.306624355,-0.073907285,0.114795918,-0.535229992,0.130659767,-0.652899126,-0.103589744,-0.778119777
-0.724811083,-0.653312178,-0.305430464,-0.163903061,-0.767614996,-0.32160414,-0.305798253,0.613538462,-0.834732847
-0.724811083,0.040063467,-0.305430464,-0.163903061,-0.535229992,-0.547736093,1.082605242,1.151384615,-0.566879829
-0.174433249,-0.653312178,-0.305430464,-0.442602041,-0.070459984,-0.434670116,0.388403495,0.254974359,-0.649338429
-0.174433249,-0.306624355,-0.305430464,-0.163903061,-0.535229992,-0.547736093,0.041302621,0.254974359,-0.668913137
-0.174433249,-1,-0.305430464,0.114795918,-0.302844988,-0.547736093,0.041302621,-0.103589744,-0.774726506
0.100755668,-0.306624355,-0.073907285,0.114795918,-0.302844988,-0.66080207,0.735504369,-0.103589744,-0.754891104
-0.174433249,-0.306624355,-0.305430464,-0.163903061,-0.070459984,-0.32160414,1.082605242,0.792820513,-0.770476063
-0.724811083,-0.306624355,-0.536953642,-0.163903061,-0.535229992,-0.434670116,0.388403495,0.254974359,-0.695350894
0.100755668,-0.306624355,-0.073907285,0.114795918,-0.302844988,-0.32160414,0.041302621,0.254974359,-0.685467197
0.100755668,-0.306624355,-0.073907285,-0.163903061,-0.535229992,-0.547736093,0.735504369,-0.103589744,-0.725350523
0.375944584,0.386751289,0.157615894,-0.442602041,0.394310024,0.243725744,-0.652899126,-0.462153846,0.086713668
0.375944584,0.386751289,0.157615894,-0.163903061,0.626695028,-0.208538163,-0.305798253,-0.282871795,0.441033454
0.926322418,-0.653312178,0.620662252,0.114795918,0.394310024,0.582923674,0.041302621,-0.282871795,-0.062502394
-0.174433249,0.040063467,-0.305430464,-0.72130102,0.859080032,0.695989651,-0.305798253,-0.641435897,-0.194701098
0.100755668,0.386751289,-0.073907285,-0.442602041,1.091465036,1.035187581,-0.652899126,-0.641435897,-0.300969264
0.100755668,0.386751289,0.157615894,-0.442602041,-0.070459984,0.01759379,-0.652899126,-0.462153846,-0.718056762
0.100755668,0.040063467,-0.073907285,-0.72130102,0.626695028,0.130659767,-0.305798253,-0.103589744,-0.231847138
0.100755668,0.040063467,-0.073907285,-0.163903061,-0.302844988,-0.32160414,0.041302621,-0.282871795,-0.329595999
-0.449622166,0.386751289,-0.073907285,-0.163903061,-0.070459984,0.809055627,0.041302621,-0.282871795,-0.279491774
-0.174433249,0.733439111,0.157615894,-0.442602041,0.626695028,4.087968952,-0.652899126,-0.820717949,-0.016185314
-0.449622166,0.733439111,0.157615894,-0.442602041,0.394310024,0.582923674,-0.652899126,-0.462153846,0.318386913
0.100755668,0.040063467,-0.073907285,-0.442602041,0.394310024,0.582923674,-0.305798253,-0.641435897,0.058927103
0.926322418,0.040063467,0.620662252,-0.442602041,0.394310024,1.487451488,-0.652899126,-0.641435897,0.466520528
0.100755668,0.386751289,-0.073907285,-0.442602041,1.32385004,0.582923674,-0.652899126,-0.641435897,0.24059955
